train/global_step,train/mean_reward,test/mean_reward
5,1.286454213957229,
77,1.105787320343489,
142,1.2117101720363042,
201,1.298531608758096,
311,1.2150802884419694,
379,1.2485577679378153,
565,1.2700591828084071,
566,1.2517707009297532,
570,1.2469612958174863,
587,1.2284805905042284,
659,1.260149408782197,
1054,1.3182413557409702,
1109,1.3119042933196416,
1139,1.2694549904882155,
1145,1.2623203960458995,
1184,1.303538941304495,
1247,1.2710406350224728,
1268,1.2649276258455666,
1358,1.2414465884777364,
1446,1.195551058560543,
1480,1.2162542356948916,
1623,1.26373153267652,
1670,1.261690334393916,
1710,1.228687168984037,
2000,1.3651463370712216,
2044,1.364037311483298,
2180,1.3074052850599218,
2206,1.2825213038947532,
2235,1.2893990914365216,
2300,1.2607919654060753,
2375,1.2190437779985157,
2426,1.240442107206352,
2438,1.2384467466100337,
2582,1.2376509624941858,
2684,1.274173425433135,
2717,1.295263232330619,
2876,1.258145644822605,
2924,1.2786207798636493,
3027,1.3610991688748242,
3258,1.6526514810642101,
3460,1.853006349164941,
3567,1.8963163501485505,
3664,1.8766173848235632,
3740,1.8476962061281526,
3753,1.8448355089448745,
3776,1.8128813934866495,
3840,1.7577404601957491,
4046,1.663819716384068,
4070,1.5867109891891025,
4115,1.5587242345271937,
4177,1.6043318749697404,
4224,1.5460233409643567,
4470,1.4024599407145095,
4560,1.3948017596038982,
4649,1.3509846167382733,
4679,1.3681767981644424,
4684,1.3626328706487616,
4726,1.3305812757794682,
4839,1.4601133172288883,
4848,1.4655101570263707,
4893,1.5008328864101734,
4962,1.5129521730080524,
4996,1.536736412853734,
5027,1.5296520175413062,
5053,1.5446040541491624,
5141,1.6733403695805371,
5314,1.6624610021763175,
5392,1.7841877784092943,
5458,1.7429386807635165,
5465,1.7436920365929183,
5471,1.7066762129260669,
5533,1.6776652261665301,
5578,1.6492905625331091,
5624,1.6049454821716753,
5670,1.5175468354625454,
5684,1.4877426904761082,
5815,1.366668670453391,
5835,1.4162011338505094,
5995,1.5745989140327685,
6061,1.5458129883218124,
6189,1.536777349335722,
6264,1.521585777602266,
6296,1.4725294513591316,
6325,1.4611359296073523,
6345,1.4609116658730432,
6352,1.4496682195119672,
6498,1.3480861602416017,
6542,1.2187902464858222,
6545,1.205703474924297,
6577,1.153628394930156,
6597,1.1323529054739707,
6605,1.107613919209618,
6646,1.052416512475162,
6680,1.051106048936271,
6689,1.0639401489724407,
6709,1.099539675577388,
6783,0.9632448895877146,
6792,0.9527945812547118,
6994,0.7627003380393372,
7104,0.8930099124984997,
7456,1.1525510277152056,
7659,1.4279341103658576,
7722,1.4628955368376466,
7739,1.450488427085353,
7863,1.5622315512358882,
7886,1.573426936980395,
7891,1.5792069981782817,
7905,1.5707723155885538,
8025,1.5261030808108635,
8069,1.5997786472035531,
8121,1.6491745364333772,
8196,1.6738691624611224,
8336,1.651840697516729,
8379,1.5951079323706043,
8429,1.5804879587596437,
8441,1.5454300891628057,
8531,1.554376029893412,
8592,1.5367825602421674,
8614,1.550016216739634,
8713,1.6062739773148578,
8733,1.6343920206199607,
8942,1.60429817146255,
9097,1.3902536411741808,
9117,1.3745747064067115,
9147,1.4524887806603273,
9212,1.4470544888037364,
9243,1.4651041539164549,
9262,1.4944682793435549,
9350,1.5753352007042571,
9431,1.6263161426364576,
9578,1.7355979510144206,
9625,1.7549300878304765,
9706,1.8144876494744293,
10000,,1.6039483545432767
10007,1.5442373815272643,
10042,1.542458134018977,
10109,1.568490691955746,
10142,1.536725925759235,
10157,1.5338607878715316,
10281,1.5341716838567123,
10388,1.5674395681597952,
10392,1.5647556299401224,
10405,1.5551646984256084,
10433,1.5513473930153905,
10485,1.571047827964382,
10557,1.6209430557882774,
10574,1.62544377038909,
10643,1.6219139213642508,
10767,1.573914697505586,
10812,1.5550083398317633,
10834,1.534178530903412,
10904,1.4014687899076739,
10939,1.3570599888905186,
10954,1.3337448924003297,
11120,1.4129843842162857,
11284,1.534495629422667,
11301,1.5840307307211876,
11334,1.6071526856736786,
11336,1.601199226780781,
11362,1.6285885113155205,
11732,1.8887095266647373,
11840,1.9683452859493644,
11958,2.0040358854164677,
12051,1.9494594238336111,
12070,1.929527557144799,
12162,1.763130770629053,
12414,1.5091893425801464,
12416,1.5107022037178965,
12429,1.4809639888085988,
12432,1.479391850445831,
12504,1.530849956696169,
12546,1.5876440114135177,
12578,1.681109042330579,
12779,1.5642615415795893,
12847,1.5430630274795099,
12886,1.510558170997617,
12997,1.4343911271363377,
13106,1.3421075576537786,
13107,1.3420408314161043,
13134,1.3336500795582256,
13299,1.3959538990366596,
13551,1.7874943348479508,
13666,1.7482401552129911,
13838,1.7259940925517134,
13868,1.7015088773773335,
13895,1.6822532387864686,
13910,1.7004221000800341,
13971,1.7381600825818424,
14059,1.8064879535769898,
14074,1.818746433662152,
14182,1.8856171947056146,
14239,1.9769861509312774,
14271,1.9549285801957277,
14286,1.931811949967674,
14359,1.930653419003786,
14410,1.9472695329399605,
14444,1.9277520385402707,
14560,2.010069426835891,
14730,1.9987955446096768,
14867,1.9737948184277894,
14948,1.9334510878393973,
15001,1.9314563889544376,
15032,1.9104959992914505,
15067,1.9648934051821785,
15108,1.925628491164157,
15119,1.9432091002270575,
15153,1.960056283732884,
15239,1.9392398704577634,
15584,2.0713645423321774,
15589,2.0587191884975606,
15733,2.026688506113725,
15749,2.0196678849733156,
15894,1.7345517426499635,
15922,1.6794381872177724,
15986,1.727538171908177,
16055,1.7652013660677344,
16060,1.7671165946108576,
16111,1.7796209488511543,
16181,1.8300159390209643,
16423,1.6271010015902596,
16428,1.6286978156715433,
16508,1.6346535761407697,
16541,1.6440372281883515,
16549,1.6489986947692372,
16569,1.6506868689354164,
16577,1.6330520523398422,
16627,1.6647120019064987,
16689,1.7861463215735722,
16695,1.7702211679712383,
16727,1.6962868931144934,
16877,1.7466744374914611,
16938,1.7758013969324813,
17038,1.7180777360675008,
17101,1.7262867696226178,
17377,1.701187562324256,
17391,1.710597880942536,
17396,1.7073615816645684,
17420,1.6749259446047498,
17423,1.6822745216723218,
17425,1.6828975351113382,
17481,1.6885450323597968,
17656,1.6498160152652017,
17666,1.6425003847574917,
17773,1.451902029007961,
17845,1.3769671847676042,
17863,1.395380857766943,
17873,1.409090344112078,
17985,1.3616058076815818,
17986,1.3622053431929626,
18025,1.357798387242549,
18075,1.3770000868401242,
18286,1.492923824602213,
18291,1.5031219956482043,
18316,1.5364746613502798,
18397,1.6812240204085582,
18596,1.7908123658435928,
18674,1.7533581133462508,
18697,1.6894105185885224,
18739,1.6701811301162939,
18854,1.5825853032203896,
18952,1.4609005900021628,
19042,1.4295159398870048,
19106,1.3737514235806243,
19128,1.3386652867552638,
19202,1.3798545957547117,
19215,1.4063404356032023,
19247,1.4258856058906069,
19250,1.4311202224601198,
19395,1.4984762332310182,
19481,1.584751173579756,
19626,1.6143836007418415,
19640,1.5909716875099482,
19670,1.566222443164326,
19724,1.6218611269442362,
19804,1.5580661473424815,
19809,1.5604421477642563,
19864,1.5791300660188368,
19931,1.5703704012571973,
20000,,1.4550186490731871
20029,1.5360124856850215,
20224,1.414490312149622,
20457,1.40128234678816,
20479,1.4361253651689776,
20533,1.4720486731983329,
20540,1.4556801047974475,
20599,1.4367082693702375,
20719,1.4470075916898084,
20775,1.476249366210108,
20798,1.421313836932244,
20803,1.4300841441816292,
20847,1.4346563708290945,
20862,1.43517946189085,
20923,1.4062337878872324,
21170,1.5358860129239433,
21195,1.549091227911645,
21402,1.7800389057358863,
21434,1.7627405156294873,
21487,1.7115520306620382,
21497,1.6423210105038422,
21588,1.603820998460836,
21649,1.5517078415899597,
21936,1.6355840112698454,
21937,1.635764416013813,
21970,1.600969847198618,
22062,1.5981323375201095,
22063,1.586331552187222,
22345,1.2148613448728072,
22406,1.1980579338012445,
22422,1.1831233072776803,
22494,1.0587071235136785,
22542,1.1030113243008766,
22547,1.1206167078300204,
22615,1.2170509837748857,
22712,1.382378567556669,
22717,1.3974109586286125,
22731,1.4095988706224825,
22778,1.5277903250904081,
22907,1.5950341906829864,
22996,1.5609230223431083,
23032,1.565621967641669,
23050,1.601277895852459,
23181,1.7362697725116762,
23200,1.74025497927393,
23218,1.7317949014450986,
23448,1.8872917282384387,
23478,1.855981746876159,
23612,1.755979258703057,
23652,1.798510348080409,
23780,1.7052422600004038,
23839,1.757056514648946,
23931,1.8817609379649514,
23955,1.8910344833702464,
23978,1.8925053747758958,
24000,1.8659843421583542,
24302,2.111372881154952,
24345,2.1219498070310814,
24468,2.195022767791356,
24570,2.3018038853608784,
24575,2.3221396084712422,
24618,2.3695445723523925,
24687,2.3504612820860107,
24792,2.331381301799073,
24835,2.2237699332496788,
24933,2.038726313758376,
24954,2.0083760922208276,
25258,1.5186301751211837,
25322,1.4929080994681505,
25381,1.2418451041031684,
25396,1.2053867620586527,
25464,1.0356037704579744,
25534,0.9222315279092175,
25675,0.8834094574492742,
25848,1.061473236699849,
25907,1.1017201384476425,
25916,1.127463340152736,
25935,1.0889201158728254,
25973,1.079856587223086,
26097,1.063083795469798,
26130,1.0443204251761997,
26166,1.0295959883283325,
26234,0.9704712489620594,
26296,0.9832358049196485,
26496,1.0090357977963373,
26560,0.9922144135376136,
26566,0.9944574054788226,
26744,0.9581214201501074,
26850,0.9171904667097712,
26943,0.9209539747523143,
26958,0.9162229523547043,
26998,0.9194045835524761,
27043,0.9208870846554075,
27051,0.932164984748903,
27081,0.9299348615091287,
27191,0.9561607560483913,
27333,1.0071618530069681,
27343,0.9996162516459225,
27395,1.0425769809959933,
27414,1.0599184615406954,
27665,1.0588830677347536,
27802,0.9930256061129279,
27876,1.0837098816637623,
27922,1.1141674294565072,
27932,1.1209194879457187,
27937,1.1309450447327234,
27997,1.2430868083065791,
28050,1.3869150869897913,
28149,1.6036700146295957,
28312,1.8360720883006485,
28547,1.6931870370273825,
28571,1.7134044393128502,
28696,1.6380308215478347,
28721,1.6802693684762233,
28822,1.6672097112800928,
28825,1.6794488737444224,
28943,1.6668848899922761,
29123,1.715644859394388,
29133,1.7347185748027127,
29197,1.672689040323063,
29217,1.7103286021826438,
29243,1.7114240917271044,
29254,1.6900014687369764,
29496,1.7644032666389413,
29513,1.7954935225333915,
29533,1.8065622551468017,
29605,1.7945624421221615,
29641,1.806766836723096,
29649,1.7637920113630443,
29671,1.7775546101488944,
29676,1.7963107558527747,
29743,1.7591266413700704,
29802,1.770390956783742,
29944,1.6927846395051258,
29958,1.7438386125479295,
30000,,2.0307310414104136
30042,1.8244756562283226,
30060,1.870972179669299,
30072,1.857077387085793,
30174,1.8893706199784845,
30259,1.897967703021207,
30348,1.880408151410691,
30354,1.874082961894496,
30478,1.8502656601855134,
30504,1.8531353052399602,
30510,1.8496619617084247,
30534,1.869676405317937,
30721,1.9727006333917698,
30756,1.9637261722641737,
30778,1.9583921892972938,
30798,1.9591142838740057,
30894,1.9066952787177387,
30961,1.8135716200331096,
31128,1.8124866184710704,
31148,1.7932550100412274,
31167,1.8120358532417935,
31194,1.790724068594354,
31212,1.8587553137820843,
31239,1.8522754858321315,
31249,1.8660650911704664,
31285,1.9751991267073137,
31361,1.9866179349341297,
31392,2.0335677371604657,
31473,2.0188227525228175,
31503,2.083082774127641,
31543,2.0543367303888447,
31571,2.0447000133548636,
31623,2.036520926565493,
31631,1.9817822709478603,
31725,1.9044850661750072,
31863,1.8522973044815716,
31879,1.862752811234201,
31901,1.8072253783431713,
31932,1.778289103861083,
31946,1.8025101132385613,
32021,1.8026793647841959,
32087,1.7954103350876354,
32089,1.8003523130198866,
32092,1.7931092386458283,
32122,1.7831300446894252,
32175,1.8256470529649231,
32218,1.8846440263309379,
32254,1.923183087584986,
32408,1.9085764869281825,
32475,1.8457221475977246,
32521,1.7982731100283076,
32526,1.7972755251491923,
32551,1.769387322131561,
32668,1.7796191815936262,
32703,1.7213473702228703,
32749,1.716909552532612,
33106,2.0325363514076504,
33111,2.034245059810353,
33158,2.1277173278454433,
33245,2.0290483487876028,
33284,2.0002516265309516,
33461,1.907442790291216,
33492,1.8844559057732801,
33551,1.9207866928000241,
33624,1.9917893879689108,
33654,1.9223102564275347,
33715,1.9361990990724944,
33837,1.9670538097286214,
34113,2.054599643040333,
34120,2.05352702264707,
34127,1.9889057221323945,
34174,2.0036932103532443,
34193,2.0087478762204025,
34235,1.9248662807434578,
34284,1.8762823062613905,
34288,1.8772169453512517,
34379,1.7660120581585041,
34463,1.7133478666205815,
34622,1.873519713855087,
34669,1.877625532183321,
34730,1.9174608111527305,
34791,1.9245386167390013,
34809,1.966019689921864,
34885,1.8868727204909548,
34929,1.8691383213426085,
35027,1.9968686204185457,
35030,1.9868932670265904,
35073,1.966911757061036,
35144,1.9568627468213855,
35185,1.9491798560698774,
35304,2.024988867710014,
35400,1.8873933484974572,
35429,1.8558764524981803,
35458,1.8816722219437465,
35470,1.8623597542399615,
35539,1.8473338049007366,
35692,1.825888171372212,
35701,1.8075049465182644,
35828,1.8471605144622887,
35899,1.7717630853817357,
35992,1.8500101875428427,
36010,1.8363797629200915,
36017,1.821251130222181,
36018,1.8122296155272528,
36113,1.8150591349837941,
36188,1.785510840344398,
36243,1.836488290325143,
36258,1.8445758034714042,
36501,1.8998560040677381,
36573,1.9532094632776158,
36724,1.9607328892123166,
36727,1.9600247553119843,
36833,1.8265099821397437,
36896,1.6273866922066247,
36957,1.6568200332907606,
37045,1.6513472180884776,
37133,1.6542671487766973,
37309,1.7780329905717145,
37331,1.7543737855452568,
37432,1.7869611441770206,
37518,1.7990845942816933,
37535,1.7928868718252016,
37562,1.734740725494053,
37572,1.7371091691512055,
37597,1.8001335642251153,
37694,1.7754532604877462,
37823,1.7131595153672592,
38037,1.7905077535073008,
38191,1.9090829207053446,
38229,1.9489399770771711,
38302,1.9334053261548712,
38625,1.9237157565484793,
38695,1.8852973841989233,
38737,1.8618799665285926,
38795,1.8047353742350338,
38877,1.840107934556971,
38889,1.8502759702350715,
39301,1.834775463838579,
39318,1.8269976501912524,
39325,1.8179152462659585,
39355,1.8028941700883947,
39502,1.7365582580709151,
39549,1.7272292496425694,
39613,1.7194753690283087,
39618,1.7330006009495562,
39634,1.7246170156830172,
39708,1.723972296688965,
39783,1.6344074723569293,
39865,1.6710654740439663,
39907,1.6898831715136686,
39931,1.7390887835994406,
39933,1.733787791185362,
40000,,1.8351914737339423
40021,1.7265270730348874,
40223,1.838570048386459,
40378,1.9439926038027808,
40396,1.9396846335346651,
40411,1.968711640917529,
40481,2.009583961131903,
40526,2.0533814610244168,
40609,2.0050453853136854,
40647,2.0025838833221066,
40648,1.9834215504416386,
40653,1.9912651533954835,
40686,2.0055849572285145,
40720,2.035363871909159,
40747,2.030340323713561,
40967,2.087905903565831,
41012,2.059066363415096,
41137,2.035848724277684,
41217,2.0259506727457897,
41350,1.986468127946873,
41523,2.0441106508766924,
41615,1.9652966327417065,
41704,1.925298097952527,
41766,1.8393847509370262,
41900,1.728016232453284,
41916,1.6987587394126331,
41926,1.7091315034691528,
41933,1.7054569805710187,
41954,1.7175019658194413,
41976,1.773963615950897,
42046,1.8868534508941581,
42056,1.8543412415215437,
42075,1.8457762386403676,
42157,1.880744517674315,
42186,1.8886871130787017,
42265,1.9147999681668588,
42472,1.8966850672597488,
42579,1.9258586148439016,
42714,1.9606421470147035,
42785,1.92969329988428,
42787,1.9026981817915622,
42829,1.9218063754194872,
42989,2.091478330141843,
43041,2.1558960991239515,
43108,2.1761645072793767,
43143,2.140712605520096,
43153,2.1394842945089216,
43213,2.221906545297575,
43295,2.1201383063691175,
43303,2.1282221441472866,
43340,2.1534092278717036,
43460,2.1286827291059227,
43463,2.123161123809624,
43477,2.141793854379654,
43482,2.1357405280066555,
43687,2.2449434610992878,
43788,2.178983174228223,
43843,2.211957578629568,
43872,2.2002048329003756,
43909,2.2114103590122176,
44002,2.188773718393286,
44017,2.190009453562258,
44022,2.1781521915660482,
44032,2.1818876153787072,
44077,2.1191525182462794,
44079,2.0979526627725216,
44222,2.0373227632144624,
44232,2.0618890205177043,
44283,2.0420097915907696,
44353,1.9689167291427077,
44395,1.9176053288396198,
44450,1.9047536526929085,
44457,1.887996519597118,
44517,1.9050476595542698,
44599,2.0119683597526232,
44621,2.003410016058537,
44640,2.023600365647472,
44657,2.0544729017361756,
44663,2.0489133069094447,
44735,2.0451200658411173,
44815,2.0716090780365835,
44835,2.1347481975932117,
44933,1.9909803970511186,
44988,1.9465266365181355,
45053,1.9616766031623498,
45073,1.9257827854597585,
45247,1.9418389902145956,
45283,1.8990465504256668,
45362,1.938658126291871,
45380,1.9625806806811104,
45452,1.9771474558387894,
45497,1.9684468642399215,
45529,1.9240489189962622,
45555,1.9142732794194524,
45577,1.9235101805525587,
45846,1.8852791030566445,
45873,1.903159798070598,
45974,1.9334638080128974,
46093,1.966316996770307,
46108,2.0124347033310896,
46252,2.076039187209897,
46291,2.0686730371257114,
46380,2.0675687643676506,
46445,2.0589183245254663,
46541,2.0800906030263264,
46583,2.0068576791513153,
46600,1.9969820974431811,
46636,2.0224432919300916,
46646,2.012524705080283,
46682,1.923813842349165,
46694,1.9094896492195033,
46712,1.9334545019884368,
46802,1.8764383848035098,
46839,1.823112626680977,
46845,1.8161918333100173,
46881,1.85156219255353,
46897,1.8482759883392645,
46902,1.8583020963446129,
46999,1.8591187270601472,
47063,1.8795800335743735,
47074,1.8831303986778278,
47087,1.8734640394521602,
47150,1.8819128534413223,
47245,1.8982339545948665,
47293,1.9005452895265476,
47352,2.01731321621501,
47416,2.0023872194789853,
47417,2.001268997630716,
47567,1.9761669594125237,
47686,1.8979755458660037,
47713,1.8893113388795553,
47757,1.9095829352266347,
47776,1.8651594154043756,
47845,1.741409088634822,
47928,1.7009754342015553,
47949,1.670139998302138,
48021,1.7020285332278544,
48043,1.6466797102197035,
48069,1.5973641323149042,
48210,1.7095333227676555,
48309,1.7934983837775735,
48541,1.855471275375391,
48552,1.8550527230427014,
48559,1.8639069866292486,
48586,1.8533002233507951,
48598,1.8377027196526774,
48625,1.8180718327294667,
48674,1.846975236055174,
48704,1.8809968429778063,
48754,1.9306373083620851,
48794,1.9510790478326092,
48821,1.967831834557495,
49089,2.053819823267392,
49251,2.0622275317660583,
49364,2.047840715810924,
49390,2.011128226012893,
49474,2.025704362020802,
49491,2.0183759949339364,
49563,1.9181229183425885,
49593,1.9133989835259562,
49598,1.9277871602265504,
49622,1.88518927537115,
49636,1.8869070877538874,
49698,1.8945647274933544,
49759,1.9192577519840268,
49794,1.914740921327811,
49809,1.9148162726152684,
49820,1.9054286842828396,
49892,2.0015778818312775,
50000,,2.0357882744104328
50004,2.1129843738467,
50039,2.1361529693466372,
50040,2.129528506188683,
50068,2.0895322517524373,
50124,2.1527267055125923,
50204,2.1045463493794605,
50359,2.1740408113320315,
50385,2.1413228889582028,
50404,2.1191047284899915,
50471,2.1509881057818228,
50599,2.2025038419732024,
50798,2.0097775955257307,
51114,2.058498400989698,
51265,2.0874769516145046,
51272,2.0993249006405525,
51365,2.209883896065417,
51415,2.2758124750516497,
51606,2.2301984405293527,
51730,2.105419855527646,
51766,2.047570705953414,
51784,2.04816440919549,
51895,2.0869421777898793,
51906,2.110744222801267,
52060,1.9734032644750794,
52139,1.9254711597225014,
52273,1.8440687955952473,
52314,1.8823012395488687,
52482,2.0014636652855957,
52483,2.0034456415945736,
52653,1.9228190126489795,
52690,1.8798722264687706,
52731,1.9360979450957627,
52777,1.852295884875312,
52808,1.8090978084690152,
52840,1.79136548819177,
52894,1.8112523302092274,
52914,1.8314025895185841,
53002,1.8885905452045448,
53007,1.8709909680304566,
53026,1.8846076163203467,
53068,1.8432779474785002,
53078,1.8370192823349607,
53112,1.9039954817491187,
53263,1.9867159437145785,
53359,1.9464367481576041,
53372,1.9186256710096767,
53388,1.9542114052875632,
53448,1.9986458347344058,
53653,1.9862250295558068,
53769,1.9319971026843825,
53833,2.0017338709743964,
53891,2.0253626659764823,
54005,1.9617767208303323,
54012,1.959763736066339,
54151,1.9171501798000186,
54161,1.9292688182725828,
54172,1.9223427677503206,
54207,1.9203025253829185,
54291,1.9625968217929586,
54305,1.9283713996538716,
54426,2.055434084445474,
54503,2.0186100211732,
54605,1.9569781341414014,
54775,1.8487495440648942,
54816,1.7415343388998488,
54870,1.844907516696322,
54892,1.8435726261794523,
54938,1.7999403892325878,
55039,1.8634179051371447,
55120,1.863915825352459,
55194,1.8366690926389737,
55386,1.846286567982165,
55476,1.9320697477940856,
55577,1.9914853303783755,
55598,1.9860906496667843,
55669,1.9809538999729752,
55707,1.9962961814244145,
55711,1.9868553146738746,
55773,1.9900160703257057,
56017,1.9861520479024801,
56040,2.0007670745627686,
56146,2.0401427069076146,
56175,2.0931954212844337,
56207,1.9989167329453033,
56235,1.9716946179198231,
56541,1.9024003762658506,
56796,1.8488417121236833,
56839,1.8647279541895982,
56868,1.9026798529228597,
56897,1.899889684492323,
56921,1.9071081477878336,
56932,1.8997292038823737,
56979,1.838832561851456,
57089,1.8434314870762438,
57174,1.7721557141625892,
57247,1.8470770689148608,
57252,1.8595258340969056,
57339,1.8726134665318472,
57462,1.817028952942191,
57482,1.8206736858694699,
57611,1.6570720057497001,
57634,1.6551903551259364,
57715,1.5814227280207709,
57741,1.6066896730145848,
57750,1.5955967940642188,
58092,1.816493869382233,
58176,1.7513965899505535,
58372,1.8643036538677638,
58423,1.8515680430093784,
58622,1.9975793810971405,
58724,2.0791633569493735,
58827,1.910276100621101,
58873,1.8375028853904132,
59203,1.6200778160195062,
59339,1.6632243682053736,
59470,1.542875162449577,
59663,1.4171824641635238,
59665,1.406403530806805,
59670,1.3937953743979878,
59681,1.3829015405725662,
59700,1.393104006960072,
59793,1.4193933322100194,
59834,1.4334772598451935,
59982,1.4603034635508703,
59991,1.4539031040407915,
60000,,1.4061998030581537
60004,1.4555383315850485,
60149,1.4091291445107015,
60174,1.397380404722075,
60216,1.438012521255155,
60300,1.5596554440880182,
60419,1.5734747327478942,
60477,1.5697392477423313,
60520,1.482151890520807,
60538,1.4203931719929497,
60655,1.3092990447422672,
60723,1.3855714735793336,
60831,1.4307442225664986,
60914,1.4491459398394655,
60933,1.4447624219101762,
61052,1.4033928143753678,
61100,1.3552496141986063,
61157,1.4360510650432985,
61204,1.4139666926634533,
61311,1.532178634480299,
61456,1.5839902950458251,
61657,1.5259737255861594,
61692,1.472344407835819,
61724,1.5053135154355959,
61848,1.5007673291533299,
61951,1.4865858640823548,
62078,1.3689303627751566,
62117,1.379238098358793,
62244,1.3932094502246222,
62249,1.4042973415328215,
62304,1.3942165469183934,
62327,1.3972717338776777,
62344,1.406652640866712,
62362,1.4069337499412742,
62406,1.440243174705796,
62462,1.377365870520629,
62483,1.3818275349116265,
62553,1.380031048206996,
62581,1.3808129001013987,
62665,1.472854903763936,
62705,1.4336660885282542,
62904,1.5979378790878795,
62941,1.6173300069275205,
62962,1.5732015537485182,
63019,1.5194789882878432,
63055,1.5418379591790576,
63080,1.5474924132367898,
63193,1.5374969409687569,
63203,1.5557073474074687,
63309,1.5404836247018625,
63450,1.4349524796083344,
63485,1.4413276828552455,
63498,1.4492969300719412,
63557,1.4435108352241977,
63580,1.4407121358054857,
63588,1.44957248318383,
63671,1.4314147381295728,
63700,1.428637026562205,
63828,1.375327322280724,
63853,1.3957498659795604,
63969,1.4351253449475052,
63971,1.4221592124887075,
64008,1.4451601014972757,
64119,1.5243320178528124,
64128,1.5018233049977467,
64157,1.4945383798316845,
64161,1.496109275896484,
64292,1.5994439750612963,
64443,1.7996101445505082,
64519,1.891905526486523,
64590,1.7203381756953329,
64688,1.6840598588306332,
64708,1.6577575760640237,
64794,1.5693223998248569,
64892,1.6332873232991885,
65056,1.3875712056074718,
65130,1.3542017336863057,
65189,1.380787965614935,
65311,1.4784570457005228,
65384,1.5157334447947315,
65571,1.5422542019456298,
65646,1.6241389287165466,
65689,1.652048502616596,
65732,1.694023491197564,
65833,1.7273564539346242,
65858,1.7328090932747044,
65906,1.7478162563712099,
65937,1.8237518832182846,
66047,1.84447827238193,
66053,1.8305076091993617,
66090,1.8994563779973714,
66170,1.9821938050058077,
66406,1.9192945788616174,
66517,1.8380744839654293,
66519,1.8295772766899996,
66610,1.8993346665579574,
66676,1.937620637939506,
66776,2.004869575243086,
66781,1.997736297662242,
67059,2.006871127278293,
67091,1.985172253744474,
67203,2.039295259298318,
67214,2.0462981582320174,
67324,2.0021866333898073,
67330,1.991267685412862,
67393,2.0143307197337266,
67437,1.9765928065010985,
67442,1.9896447976872655,
67467,1.955249839760532,
67477,1.9512161705674034,
67716,1.8985493382527745,
67757,1.8799451261281874,
67858,1.9682789752228738,
67953,1.8683275355774935,
68074,1.7230707281489672,
68278,1.7503680154600294,
68293,1.784973103646287,
68297,1.7771912654471296,
68304,1.789940174942785,
68317,1.7851181444167676,
68496,1.7082963463494207,
68514,1.73271019668944,
68587,1.6168609717352467,
68661,1.630123890930827,
68683,1.673743738975749,
68730,1.7078153805191782,
68860,1.7906213949483447,
68910,1.8589373230010497,
68998,1.902112210498489,
69021,1.915456415149074,
69196,1.9870072898432936,
69251,1.9367208070423012,
69377,1.9483764194353168,
69521,1.8888070443125118,
69644,1.9503678725789215,
69683,1.9624254658933862,
69686,1.9547571105473331,
69751,2.0396281324305257,
69774,2.084391245803272,
69789,2.084444998390002,
69892,2.0097497104338626,
69923,2.0262644942771395,
69957,2.0199946984030697,
70000,,1.9402545901334929
70154,1.9774936920115183,
70266,2.038373757929368,
70288,2.051969501338728,
70300,2.0592587094574064,
70312,2.05633305003608,
70358,2.0378265557653195,
70363,2.0521868623245147,
70405,2.0190684910317453,
70537,1.978669361723651,
70542,1.9672087614809692,
70599,1.8910182086707232,
70644,1.9180509834619042,
70676,1.9462338135803625,
70827,2.0268792996494556,
70874,2.0576741751544954,
70891,2.065232161199117,
70920,2.09166631248157,
71048,2.0458471254066506,
71052,2.0639996135528413,
71099,2.039201532417977,
71151,2.057281456763765,
71175,2.06154140323808,
71609,2.0494602435738356,
71632,2.0796540494542994,
71882,2.1677029939162256,
72143,2.227438265095057,
72146,2.2112632839852124,
72225,2.162277369500971,
72325,2.12750585633362,
72340,2.1671364374104916,
72365,2.1547301950002002,
72437,2.1095063660766273,
72475,2.1202227344685447,
72542,2.117986069141473,
72583,2.1680359466363193,
72610,2.1941879164603035,
72615,2.194275464608476,
72629,2.166729117476889,
72667,2.2096634413761844,
73252,2.0557818498889002,
73330,1.9751293011712554,
73434,1.9689760102660065,
73623,2.0200163664465993,
73697,2.0805971803356487,
73739,2.124371768877599,
73783,2.0540750863720243,
73793,2.082156417601398,
73838,2.0811409110122643,
73893,2.0813816783212316,
73944,2.164891802443461,
74015,2.129908487386587,
74131,2.1142889863711143,
74291,2.193535313250948,
74304,2.139402883882151,
74334,2.1340691181103932,
74398,2.1516880984883913,
74412,2.146605025666202,
74522,2.077878900448377,
74601,2.0614026394893803,
74614,2.039265845504433,
74714,2.1250807578938584,
75209,2.1736189038237,
75226,2.171782877707965,
75231,2.1889650974159753,
75273,2.0827252559268383,
75283,2.081507510101882,
75452,2.0625890330444423,
75613,2.0269127919762555,
75708,2.1526310926245134,
75731,2.161866256622409,
75739,2.112430669060329,
75763,2.148975369587881,
75827,2.183562200225376,
75912,2.190178948722883,
75952,2.1976888290490804,
76061,2.1279806166821267,
76162,2.0901917561666417,
76230,2.0820236943748114,
76240,2.0775942132723335,
76458,2.008712173646557,
76484,1.956065091903102,
76646,1.8244962097258444,
76796,1.8132239427684922,
76871,1.9455227054850803,
76904,2.0326867731906115,
76955,2.10853850668078,
76970,2.140629606219906,
77014,2.145539179966433,
77147,2.272490822647212,
77391,2.1664125570501334,
77455,2.215456842067211,
77492,2.218851138335623,
77561,2.235077997911361,
77570,2.2039422998146745,
77593,2.2290127702267606,
77645,2.2947842128537332,
77752,2.32726778421996,
77758,2.30591327054828,
77910,2.169828705865933,
78045,1.9997295939237685,
78112,2.0038766491896136,
78159,2.050644759564383,
78176,2.0549110501916337,
78230,2.049739175576759,
78265,2.0534711509381554,
78540,2.175012655281258,
78589,2.101981317052787,
78709,1.990896917776752,
78802,1.816431557373029,
79015,1.8320543695437421,
79161,2.007018124350282,
79191,2.0571626220560875,
79236,2.073212677517656,
79496,2.1472953217956445,
79497,2.129435622666609,
79875,2.0050314556851685,
79880,2.004634672125949,
80000,,1.9968540232697112
80041,2.1126553046321686,
80051,2.1159967501626005,
80229,2.1983209735499107,
80315,2.2164583089614993,
80567,2.183114649068066,
80623,2.2110599842199736,
80715,2.1963448688477163,
80849,2.2035097089354023,
80983,2.1375597864508804,
81063,2.1420048807604966,
81103,2.1356524350120996,
81111,2.1531215259945653,
81271,2.1170847627675697,
81274,2.130659057953141,
81326,2.156561596981101,
81331,2.1529891102466037,
81474,2.076568196743325,
81694,2.060720669215554,
81706,2.0530036949554873,
81775,2.070069173832787,
81813,2.0730699526841803,
81831,2.0773520851374836,
81893,2.0869532070843957,
82096,2.1606306168438643,
82101,2.161329899098553,
82115,2.1526448674286915,
82237,2.180763942524903,
82457,2.0947913925167545,
82528,2.0876568493687326,
82697,2.139927767621967,
82884,2.0732987943599297,
82991,1.8850222937219976,
83064,1.8755777681031003,
83248,1.9153771805473758,
83289,1.9746871831276847,
83378,2.0061887903017497,
83403,2.0088658976816545,
83642,2.158073633570365,
83677,2.13399146533404,
83731,2.1258804631823556,
84113,2.048472318155452,
84158,2.118827302689476,
84198,2.132723804156947,
84282,2.1179319728945813,
84301,2.129949550345812,
84339,2.035648545739515,
84410,2.087506380816185,
84688,2.141212190444112,
84715,2.14788803472187,
84763,2.167013159160416,
84821,2.1532870692162787,
84900,2.1262800769066748,
84940,2.038465418963503,
85037,2.0540832574325933,
85176,1.9673919373333029,
85202,1.9341780444330805,
85244,1.9199712009669159,
85313,1.8845577495628894,
85326,1.9129291799646204,
85365,1.8822845348752946,
85414,1.879310180084141,
85633,1.8948800377434918,
85802,1.9473782265420814,
85803,1.9250833656775201,
85846,1.9485165305771093,
85851,1.9448575185685704,
85865,1.9584586436526796,
85886,1.9496889227796106,
86020,1.9483486544694568,
86108,1.9135974501676223,
86204,1.9428474340836592,
86205,1.924848114938127,
86274,1.9435756124018015,
86445,1.977270939171188,
86452,1.992453935632006,
86583,2.0042828724211277,
86721,1.9869847335626591,
86742,2.0316083175643076,
86765,2.0343914526324642,
86868,1.9369627345379135,
86944,1.9358509626303977,
86955,1.920825129394031,
87159,1.9063969666387741,
87238,1.8785274910151066,
87350,1.983700285009594,
87380,1.9833690655481104,
87485,2.0027852152325845,
87496,1.9999993303703882,
87519,2.0205151938722152,
87639,2.0378069888957406,
87732,1.9452790187149125,
87803,1.8852493830820582,
87892,1.7146052574366124,
87915,1.6603111055898494,
88070,1.601791390951078,
88189,1.7555438617336732,
88221,1.781409779644221,
88292,1.8845695374968425,
88315,1.9029607694452517,
88377,1.8539875662146228,
88629,1.8530378788451012,
88653,1.8408120285012881,
88795,1.8394412090956065,
88844,1.8294490210803036,
88924,1.9000539284223068,
89214,1.8846291315269037,
89300,1.9116806888999047,
89323,1.8906346200248156,
89411,1.9123686460707532,
89474,1.90658099273294,
89516,1.9378340525408513,
89589,1.9394816109106257,
89661,1.9801457496781145,
90000,,2.1926071161743903
90076,1.9911805800642302,
90396,2.426354612558511,
90462,2.375308915258131,
90481,2.2709707266468366,
90512,2.2620488688365628,
90682,2.082197303377649,
90753,2.037011250746983,
91037,1.9427723387535132,
91048,1.9652800741756975,
91060,1.9464412342949444,
91101,1.9367046345225105,
91128,1.8974565929328548,
91170,1.8413343685200894,
91367,2.003846631453619,
91562,2.0484042488851752,
91688,2.0308432434238783,
91751,2.0289697743243296,
91763,2.0440535229406693,
91771,2.0037268433222324,
91837,1.989304172830422,
91851,2.0591918660691664,
91869,2.096751870424558,
91879,2.082896895673086,
91890,2.053095365896526,
91947,2.074521784563579,
92032,2.161803446025478,
92047,2.14668025601089,
92147,2.1880002795912294,
92271,2.1639856524377477,
92434,1.9995415690343794,
92529,2.0080440073678223,
92577,1.9364581185702372,
92581,1.9350290946720379,
92789,1.838896946092576,
92851,1.9222815813492,
92932,1.9680524532991144,
93031,2.064396703255277,
93052,2.0646159894322627,
93058,2.039093776006076,
93063,2.053654313736149,
93151,2.0013706830682656,
93160,1.9597695339411039,
93239,1.7904496094680562,
93286,1.7928366099584727,
93334,1.7834251296248618,
93339,1.78166988899192,
93361,1.7567685901564314,
93371,1.7630948849381576,
93403,1.7946596462630402,
93412,1.8129580207392657,
93438,1.8406183839301704,
93455,1.8285819230491507,
93533,1.8496363225424952,
93557,1.9020023118852516,
93618,1.8582146772339214,
93655,1.8545953787680827,
93702,1.8567530011469422,
93705,1.8430286565238436,
93789,1.7841321357804596,
93883,1.781605490954291,
93900,1.7797626633890247,
93959,1.8269866731124622,
93986,1.8548084993723952,
94077,1.8644422004902221,
94270,1.8507716339712141,
94333,1.804445235580678,
94343,1.7882790422107575,
94353,1.7539794001493831,
94360,1.7474650874158622,
94415,1.740718427508218,
94446,1.7274668280841974,
94499,1.7615641764600372,
94535,1.7372874047468816,
94683,1.7256054018372373,
94775,1.8101148604665522,
94864,1.775003368599555,
94942,1.8283526884015548,
94984,1.8230695635190453,
95080,1.8607514230621804,
95152,1.8662525805685795,
95269,1.9431274360194797,
95371,1.9030100309913154,
95392,1.8892014516425173,
95441,1.9771845284771405,
95461,1.9604014257446118,
95635,1.9630017532903663,
95745,1.8684010762913559,
95791,1.8246532640976962,
95876,1.7649586103615542,
96463,2.1133102990543167,
96542,2.134176966396959,
96574,2.149529532127913,
96632,2.1259221131289228,
96641,2.118410558345612,
96662,2.1429699420673227,
96707,2.1288823867558837,
96709,2.1124244432981247,
96834,1.9299944970797747,
96846,1.9071581285708359,
96890,1.9121198534390345,
96984,1.7681918158371372,
96987,1.7750301858731865,
97012,1.7378021400167571,
97119,1.7883400820177024,
97220,1.8501215233041501,
97259,1.8718991067719668,
97307,1.9145954246554693,
97518,1.9891588559357312,
97563,1.9264737213984386,
97610,1.9086155103369087,
97741,1.810364241230149,
97755,1.7991767787171158,
97807,1.8335794163918169,
97833,1.8089480510739278,
97900,1.8319929432689646,
97977,1.912616037845816,
98017,1.9842628320416695,
98019,1.9843671931341962,
98059,1.953358081569273,
98079,1.97627792152917,
98090,2.001060087018699,
98126,1.9798545740996567,
98212,1.9839886745223025,
98291,1.9334029894878282,
98354,1.8668020507272853,
98361,1.870933028875132,
98398,1.8195685859825068,
98504,1.8172334669597379,
98720,1.8360423369447663,
98800,1.8614213310459953,
98841,1.838165068718239,
98847,1.81067564048832,
98944,1.773710517331678,
98961,1.7553678938813588,
99039,1.7656159467260526,
99052,1.7896170344485178,
99059,1.7727976096369351,
99246,1.7983994983893867,
99291,1.7894614646865623,
99399,1.8441898416229838,
99483,1.8049652239966583,
99807,1.5914751903161326,
99871,1.5541347624065578,
99924,1.5922789276065081,
100000,,1.754886289541362
100021,1.5846869718549164,
100045,1.6120553132686408,
100055,1.5926247576491948,
100086,1.5888649237299703,
100171,1.6110844553172123,
100227,1.6027611010060137,
100335,1.5866708244712466,
100341,1.572206850943444,
100352,1.578601517720615,
100506,1.5113278578710285,
100507,1.5118695545920855,
100530,1.477350451781268,
100584,1.475698764030674,
100594,1.462809688484997,
100643,1.463882777699978,
100761,1.4544905926915133,
100784,1.4768153597513856,
100847,1.5336733385892858,
100859,1.5352821887322818,
101004,1.5605308792156887,
101099,1.5323717936050778,
101137,1.482468343836334,
101143,1.4907123023984163,
101182,1.5026531344105245,
101222,1.5376796112324707,
101405,1.566240737835091,
101575,1.5257875838525998,
101682,1.5580466418561132,
101703,1.56989640230032,
101780,1.5336605025496122,
101904,1.5665366020855789,
101941,1.5474000598145259,
101946,1.5554853657615493,
101996,1.548103512592511,
102140,1.6097924472643528,
102143,1.589055248476196,
102151,1.5975534592436582,
102170,1.5578552241801957,
102207,1.5508873268877545,
102250,1.5194435443823777,
102253,1.5122678154915743,
102254,1.5066739462236987,
102333,1.4790855952418378,
102345,1.4218385545737384,
102372,1.4896054647236214,
102501,1.5259897919460457,
102534,1.4995147018692725,
102602,1.5540287931262091,
102665,1.530315139069918,
102743,1.5571973579552065,
102968,1.728236948690562,
103287,1.633222312305164,
103317,1.6260218797839725,
103407,1.635749636739454,
103420,1.6442531994227416,
103429,1.6529574377405942,
103436,1.67311874370835,
103568,1.630622329162044,
103595,1.62347535715969,
103601,1.612385792348032,
103735,1.622708322364967,
103840,1.651026926836985,
103859,1.705666691977862,
103869,1.6810909431130812,
103894,1.6895992871158638,
103904,1.7120719016117587,
103924,1.7388930467570969,
103992,1.7679921974347823,
104005,1.7712838535209798,
104112,1.773868906967088,
104231,1.7148414663353173,
104236,1.7241683721150616,
104238,1.716871210536608,
104260,1.7193228025355671,
104302,1.67584810694757,
104387,1.7071529648242945,
104508,1.7324412908271025,
104519,1.7589515346436368,
104574,1.6622028582523776,
104601,1.6558986747557287,
104632,1.6514205925798413,
104643,1.6737122780576275,
104674,1.6378435932109858,
104793,1.6192266515099822,
104801,1.6196466562013996,
104813,1.5829053958280084,
104864,1.5915424212813476,
104881,1.6060577149261654,
104911,1.607792097945644,
104929,1.6211385349041723,
105035,1.6812963431293655,
105083,1.7118780264843432,
105094,1.7199188524696138,
105100,1.7157033138254396,
105141,1.6956007182631228,
105214,1.6990284266366384,
105232,1.7420237101247609,
105248,1.7437366895452269,
105475,1.573530246599721,
105519,1.5885506232652506,
105537,1.6056982927192858,
105792,1.7587853294480233,
105810,1.7926611442394014,
105855,1.7852360957353084,
106126,1.7172507334451177,
106283,1.7875887379517739,
106302,1.7460331943507932,
106421,1.810577371926161,
106609,1.8133290518738299,
106641,1.8199388944637638,
106680,1.8513976650538562,
106731,1.8529672963011259,
106776,1.8402933768597642,
106790,1.8106780724545077,
106793,1.7824961699818442,
106814,1.7644503205782762,
107040,1.8269492613135336,
107164,1.9348878120817203,
107318,1.8088429771139287,
107382,1.8451512357440079,
107387,1.8245026095040746,
107421,1.6392020336053539,
107479,1.7032712871881666,
107481,1.7028120993064375,
107498,1.6474355617649588,
107554,1.6852477844044724,
107693,1.6780491726605302,
107832,1.8034752633823508,
107877,1.8346866191738243,
107938,1.8692654969177036,
107976,1.8896487968005085,
107987,1.8798904843754571,
108030,1.9568345761502326,
108064,1.920640771732647,
108074,1.9160260169117889,
108105,2.023547090207994,
108132,1.991641413772182,
108165,1.972869015869122,
108267,1.9181787868722935,
108283,1.9049450601901878,
108310,1.9790093900075343,
108373,1.9719210911210407,
108425,1.9783890179834698,
108690,2.1678632956307307,
108695,2.188876726727324,
108721,2.1706079464949575,
108756,2.219869281349685,
108788,2.18549248219386,
108842,2.1612024352836867,
108858,2.1654672813546214,
108961,2.211378269755439,
109157,2.0832957959345424,
109166,2.12123127007993,
109337,2.154278293392517,
109339,2.1480182032182626,
109384,2.2238826671761505,
109390,2.2314542955386543,
109592,2.2534807644303485,
109689,2.1803078151236797,
109691,2.16309161889468,
109707,2.175413194473798,
109770,2.0484019605757773,
110000,,2.0389133362339558
110072,2.1078845445581944,
110364,1.95233678195596,
110369,1.9472661141877239,
110374,1.9424730905193908,
110402,1.9614806967659952,
110572,2.057146421215029,
110741,2.1138335170486453,
110753,2.132402125799379,
110974,2.177547327398319,
111004,2.2570306130439572,
111050,2.2421028696128698,
111087,2.2703488233025393,
111109,2.2231472911377677,
111145,2.236582721306031,
111189,2.2230130099151073,
111202,2.1970559381833925,
111207,2.198473262353183,
111274,2.18439961646933,
111285,2.1785962262647,
111332,2.192216249382663,
111388,2.0972234211633474,
111438,2.0831957461144337,
111478,2.106011110223281,
111513,2.128532241642725,
111622,2.088446999295128,
111740,2.1111887022105083,
111747,2.0934386865553107,
111840,2.1278882042889893,
111846,2.1102025731258034,
111854,2.0894953104289695,
111979,1.971654959894694,
112000,1.9989197665699807,
112014,2.00406484999487,
112157,2.0452861835251173,
112195,2.052008751574337,
112231,2.05304329786871,
112257,2.1443944855439225,
112295,2.223939375699955,
112307,2.254437719211996,
112366,2.3022224679877192,
112468,2.3151577579245237,
112490,2.2848245998888097,
112499,2.2889693986185216,
112524,2.272629922632078,
112635,2.185050813293415,
112650,2.176447316527092,
112665,2.1910739733851856,
112776,1.9624853763179746,
112812,1.9395103330781485,
112846,1.934320564350695,
112987,2.0309020444215244,
113129,2.0826768043748327,
113329,2.13686332956666,
113428,2.08497020342012,
113445,2.0663785207859866,
113450,2.053391499845205,
113508,2.0444664853967467,
113580,2.0801121069452413,
113638,2.0562224748244287,
113801,2.081860987309696,
113806,2.058933618081775,
113897,2.0265121689882393,
113923,2.022834812706074,
114081,2.0289034965762145,
114169,2.038299721846523,
114303,2.1219026203902995,
114409,2.0753515832357454,
114426,2.087165009958847,
114482,2.084984204282823,
114499,2.061688238090274,
114545,2.046930746376867,
114551,2.014437172026517,
114667,2.013294344577748,
114686,1.9968596402323293,
114773,1.8986275843220586,
114846,1.8975022601208786,
114976,1.951713955648142,
115090,1.9508011949245605,
115323,2.136937667034904,
115643,2.2666294275311887,
115653,2.2342266697589532,
115776,2.1006523542391133,
115930,2.0520983608349583,
115977,2.078028964506604,
116005,2.1007174625180354,
116080,2.1555608864780176,
116084,2.120461975096298,
116198,2.1933920594827763,
116276,2.2173674894918904,
116286,2.195560821612177,
116341,2.135136769033395,
116355,2.1459453603657352,
116404,2.1441582312904623,
116408,2.1224671512237028,
116425,2.1129079293935895,
116443,2.1165569706092326,
116549,2.0955328014449126,
116683,2.0102404438738253,
116776,1.995174197935228,
116839,2.0313622384834225,
116951,2.0996593889984676,
116989,2.0539763496555477,
117024,2.0553582942915525,
117226,2.1906679091841674,
117574,2.2217894214985914,
117753,2.2177840105093445,
117778,2.2532926849677666,
117832,2.23930431494642,
117916,2.1839331570561167,
117952,2.2183079967057293,
118008,2.124915311709724,
118073,2.0764545644325456,
118100,2.0400139092241782,
118124,2.0517283296270294,
118230,1.9840860595923218,
118265,1.9306926548798409,
118295,1.8712949663636451,
118421,1.85200909274156,
118506,1.89060505548002,
118791,1.963176673317795,
118811,1.9667644678692489,
118817,1.964012436793358,
118894,1.9046386780468156,
118999,1.8885035399492376,
119079,1.806218688034621,
119262,1.8674223468170947,
119312,1.7211045178851108,
119330,1.752763139873154,
119353,1.749493983424539,
119365,1.7683301234649522,
119604,1.6800942013985827,
119616,1.6716335604715014,
119620,1.6811355638380576,
119639,1.6904355675666713,
119739,1.7009256629505396,
119764,1.719038613554598,
119952,1.908864595035388,
119956,1.9079606208760662,
120000,,2.4045638278860006
120005,1.9697003604736838,
120112,2.109309994731003,
120286,2.2813646986883227,
120559,2.4388627864615233,
120679,2.474374223090879,
120763,2.514011287611758,
120803,2.497324264701484,
120842,2.4619053183751096,
121012,2.564080851131271,
121062,2.526090511653374,
121067,2.518541038722457,
121231,2.4073660581127685,
121325,2.45231123007424,
121722,2.4474615571938627,
121817,2.199466200628674,
121856,2.1466442095890734,
121913,2.0824290190520873,
121922,2.093353549123737,
121939,2.0955836143890987,
122055,2.0808610925951645,
122072,2.1263565209299706,
122085,2.123821249011119,
122186,2.1981170839012676,
122239,2.219162130706346,
122324,2.1750017469894924,
122374,2.1590184647843205,
122408,2.1627796889724435,
122412,2.1327404917258996,
122446,2.098331773620791,
122499,2.0052194803289276,
122556,2.018896592070991,
122576,2.0315840947286303,
122635,2.0993757133382296,
122667,2.098299719116631,
122699,2.080171322837637,
122719,2.107861789536738,
122791,2.209089408217939,
122812,2.2411967540305997,
122924,2.302090793401149,
123151,2.190660834317882,
123158,2.175247127288257,
123227,2.2152313142149316,
123443,2.2500183682049526,
123451,2.2281838811684436,
123518,2.131940207767053,
123591,2.1485413350365548,
123712,2.105036096486071,
123766,2.136286190217106,
123783,2.0763799482560783,
123848,2.1655521738651378,
123929,2.1719355225768426,
123997,2.154427554301301,
124052,2.1924858518558215,
124206,2.24451628408804,
124315,2.2243309167148317,
124358,2.2211271535050052,
124397,2.177501853443283,
124530,2.1605820118164676,
124535,2.1546616102411456,
124667,2.2177105808089355,
124686,2.2087727666050583,
124810,2.209726849499324,
125058,2.199879808724938,
125092,2.1836907878685157,
125155,2.2360784030891936,
125420,2.1664662890595046,
125457,2.1502669094397224,
125529,2.0439696267374283,
125594,2.022653372423802,
125775,2.027975041424275,
125896,1.9973861127529304,
126206,2.046134647331866,
126232,2.139733440425886,
126328,2.148857151577369,
126398,2.0023572327310952,
126429,1.979884694090761,
126522,1.959372788457606,
126549,1.9384609595352236,
126563,1.92979287555998,
126572,1.900484768087171,
126595,1.8505929117344584,
126631,1.8396242024131684,
126678,1.8907171588350735,
126745,1.9176938222469304,
126750,1.9246268151370214,
127117,1.9248404100021068,
127122,1.923848370042213,
127146,1.9541305408044298,
127377,1.903042079198462,
127418,1.8984427011234895,
127534,1.901808782633272,
127630,1.9105218257944632,
127667,1.8777328887919682,
127759,1.9374490441556804,
127791,1.9393876507747907,
128057,2.074472843363395,
128107,2.095935084515405,
128143,2.0390036399098004,
128337,1.9875321995059523,
128350,1.9573197577418173,
128450,1.9813784140343125,
128529,2.0128586861964406,
128543,2.0447453859567584,
128561,2.0546242351128594,
128612,2.0575032816602232,
128663,2.136939312682313,
128713,2.109571098370419,
128778,2.1178478560745044,
128882,2.1374927639393864,
129079,2.188522587431047,
129316,2.140292321268929,
129407,2.1195479715049657,
129418,2.1191672570366125,
129421,2.1140513055039576,
129746,1.983259649255148,
129977,2.0187128308697493,
130000,,2.049234245289128
130017,2.002464609128674,
130082,2.0363835213006247,
130115,2.10129601551679,
130174,2.1311130171354655,
130271,2.066108466020245,
130320,2.084893692787559,
130339,2.055505048591632,
130345,2.0636539722744365,
130360,2.0419582972734953,
130496,2.0105082580299714,
130518,1.943843079858678,
130520,1.9384556125819068,
130539,1.9325735726460673,
130548,1.9233754770951415,
130572,1.9605434884533943,
130592,1.950718752016999,
130612,1.9424018534982457,
130655,1.9851849008317517,
130689,1.9048747526378582,
130768,1.9703275448957625,
130821,1.8445395426918734,
130846,1.9518521191332128,
130849,1.957123557534477,
130921,1.956567694165721,
130959,1.866651983113609,
131039,1.936190294588623,
131055,1.8716378195878545,
131251,1.86456667312364,
131356,1.8164035078507923,
131386,1.8259832070495086,
131517,1.8652347498374424,
131649,1.9988508402540406,
131709,1.9841210358450496,
131735,2.020213718124872,
131816,1.9736688076544695,
131888,2.0138751477381565,
131911,2.0406533094805726,
131927,2.0198567774471328,
132094,2.1784888232231285,
132347,2.0878116942955534,
132379,2.0638434443359777,
132383,2.0671002029477035,
132415,2.011486982997597,
132700,1.8384528331037842,
132773,1.822910385533558,
132811,1.9676925712086872,
132838,2.0128697619797555,
132885,1.978114576411074,
133024,2.085342876241678,
133044,2.1339186839005237,
133131,2.1033651161975606,
133141,2.0893515590101646,
133143,2.0845108852210843,
133249,2.1003093519872853,
133267,2.1113228557851573,
133364,1.8916983219873966,
133379,1.8935190789534202,
133398,1.8906760107074936,
133406,1.8738100643906135,
133442,1.9075189267461743,
133448,1.9090341815063625,
133521,1.8505306406394637,
133544,1.8375031622458593,
133577,1.8508988842219332,
133703,2.063183594018605,
133739,2.1096848534102572,
133777,2.116243807780167,
133833,2.153325483352466,
133935,2.170451163497076,
133952,2.1697503217744587,
133974,2.194353706994877,
134158,1.906082495854556,
134167,1.9336513005405842,
134169,1.9447867073234864,
134197,1.941446688363442,
134207,1.9528757293275796,
134413,1.9346588611522026,
134457,1.9317608199096585,
134499,1.8752698567848154,
134500,1.861176004552448,
134527,1.8846968106662672,
134581,1.9061341616350485,
134669,1.8772258338220411,
134670,1.8650709953919804,
134676,1.8694705030416658,
134932,1.899735044699313,
134947,1.9161019030540596,
134955,1.8984937792604795,
134974,1.8725893227971457,
135158,1.9065959055115826,
135240,1.899239274201468,
135243,1.8956186796941434,
135283,1.9274660656730347,
135375,1.886146329403703,
135422,1.9129331699810015,
135534,1.879273449853222,
135571,1.8883443897929255,
135592,1.8847985549841326,
135658,1.8744047290859276,
135709,1.9738036584741265,
135769,2.0113698179761594,
135884,2.0720584914762337,
135957,2.078481125734673,
135986,2.0724864374560745,
136026,2.0329350054408994,
136258,2.029087430061167,
136373,2.043179322727683,
136430,2.028655998534007,
136738,2.189667791700301,
136752,2.185647061699038,
136980,2.208553969699417,
137219,2.114105914900763,
137273,2.0753819615930427,
137298,2.06309904755531,
137354,2.091549410717856,
137369,2.0740857014817204,
137384,2.0817281120519047,
137449,2.133546154762925,
137592,2.2135229876328193,
137658,2.1215708726152975,
137747,2.039536052502049,
137782,2.052332435772471,
137787,2.0541799638430276,
137792,2.0581366115033415,
137811,2.0050778370247384,
137837,1.9800323591156088,
137908,1.8973775508243136,
137983,2.002534545049641,
137998,2.0007290589207614,
138058,2.042527264849937,
138164,2.049876352095957,
138202,2.0581664193399964,
138210,2.0608405154665603,
138322,2.097399374270717,
138397,2.114085985496022,
138441,2.0169794570230493,
138446,2.017474970238018,
138590,2.0728910804623877,
138802,2.02045844276453,
138829,2.0519638554192747,
138841,2.028435727567691,
138923,2.058098460418791,
138955,2.0281060823396504,
138992,2.045715097612233,
139050,2.055017767151502,
139114,2.074729663243439,
139147,2.0757672874141866,
139219,2.1468860319430627,
139307,2.1316604089628264,
139327,2.129967206459653,
139435,2.18514024642968,
139759,1.9931460802361969,
139819,1.8970353298165734,
139934,1.8407110029489036,
140000,,2.0220724623902484
140055,2.021508315912332,
140106,1.9827717719304139,
140148,2.012144506787903,
140526,2.0616758582407293,
140566,2.114723662005927,
140625,2.126286461023859,
140702,2.198303328635432,
140712,2.1704386841843473,
140910,2.2284836787044715,
141129,2.1868356833438103,
141260,2.1301983020130812,
141372,2.13751130017447,
141617,2.0787772267870652,
141662,2.112631560895662,
141694,2.089806633045811,
141970,2.117589578883811,
141990,2.1316624616071222,
142029,2.0708805793231404,
142202,2.146784117866485,
142205,2.1380819798809805,
142251,2.15039238101981,
142353,2.1003853695506693,
142390,2.161694397771679,
142522,2.1312796160198086,
142529,2.1127276221752602,
142768,2.243437648474989,
142781,2.230501998469303,
142791,2.2109034262290903,
142991,2.443989460593376,
143152,2.311604074360211,
143364,2.245805680545218,
143376,2.2941178844253547,
143462,2.3611452251683094,
143751,2.2402079454531445,
144032,2.3106229242700698,
144120,2.1677330591518227,
144288,2.0534091937259684,
144311,1.9915473256991314,
144351,2.0449837972295084,
144424,2.0048562656673754,
144471,1.9903550258203564,
144526,1.9898400191717238,
144540,2.0205739479590115,
144560,2.012766824133899,
145007,2.086493853151519,
145081,2.0785302599435163,
145110,1.9762546579243718,
145126,1.9755413502946613,
145191,2.045802720127005,
145300,1.9062981962503018,
145320,1.9056360902295544,
145383,1.8506573615667516,
145399,1.8661514622722413,
145446,1.924529301977206,
145504,1.99708504387322,
145522,1.9760071794043936,
145545,1.9267048317294637,
145572,1.8429048615738421,
145600,1.8194924612899908,
145601,1.8149111124341388,
145648,1.7614395853967642,
145683,1.7190536231155247,
145834,1.7363626345161578,
145904,1.8334317115432228,
145953,1.9446568623382652,
146095,2.090508839865609,
146097,2.0610203293529006,
146303,2.0530578737920386,
146490,1.9670253458954194,
146531,1.9716031463467716,
146539,1.957636645490441,
146575,1.9989625997677296,
146646,2.0762964635513494,
146761,2.130861458255915,
146866,2.1183802772504534,
146883,2.150661290954078,
146933,2.092806676097413,
146943,2.0917093608568655,
147055,2.033343321021809,
147113,1.9744626055510266,
147181,2.0278922887144804,
147274,2.030594588525995,
147289,2.025057330175118,
147413,2.0797558125035613,
147659,2.029493324431973,
147819,1.9926741850460687,
147876,1.9854620653434856,
148004,2.0223665857036885,
148157,2.0525328395847087,
148336,2.0083549731575943,
148341,2.0180132524171355,
148557,2.0455182479010015,
148581,2.038654893234094,
148662,2.0451225570338347,
148731,2.111168012313825,
148762,2.063531233397915,
148769,2.0566409534795165,
148897,2.008703502009171,
148918,2.000112878538948,
149132,2.0164847677541085,
149188,1.9630499963191341,
149240,2.0025065861381854,
149270,2.0686443637400975,
149355,1.8742937005618199,
149519,1.9487312618964219,
149584,1.9396716975679034,
149664,1.9686271204407502,
149722,2.086488707689118,
149773,2.0278520235598014,
149848,1.9724385023719575,
149914,1.994837182979,
149994,2.059230254695309,
150000,,1.953562760892796
150027,1.994587565717675,
150170,2.024888382808104,
150229,2.0674121135564336,
150320,2.057343188389506,
150323,2.0389884499751405,
150362,2.040246830608884,
150371,2.0566280141636613,
150381,2.051343672165402,
150419,2.067486206765805,
150516,2.0287938656898175,
150517,2.0095487107671848,
150527,2.014154498342255,
150885,1.9925678449571158,
150909,1.9904973932844863,
151024,2.0952916182650325,
151125,2.1393442346842817,
151387,2.037335106311484,
151471,2.0122579202705997,
151536,2.0645383539992745,
151569,2.0945519987848336,
151593,2.1187618256309277,
151661,2.120195277750905,
151837,2.2197026984903614,
151890,2.177185375760055,
152110,2.181439981260747,
152136,2.169143713156394,
152170,2.185910631893711,
152212,2.189080198299301,
152344,2.2888334136295687,
152454,2.1419524650904416,
152476,2.1554318446493617,
152964,2.0063601756760385,
153053,2.093997079999751,
153059,2.101284091918528,
153160,2.177803403586426,
153208,2.1427426133675467,
153265,2.1603566317507426,
153302,2.179222233473389,
153602,2.0843515583599084,
153627,2.1117603248027073,
153630,2.111235651018977,
153696,2.0891905805923354,
153760,2.150868035426985,
153778,2.1379578575085536,
153811,2.1287389875621763,
153880,2.269229699869104,
154139,2.130075058825249,
154151,2.1091991699654664,
154226,2.0747997574718107,
154231,2.076563756629915,
154456,2.0184750007144423,
154501,2.0522619332401764,
154700,1.993984462056201,
154804,1.9678471759755782,
154860,1.9671554096222303,
154941,2.0099787465878816,
154954,2.0026278193524285,
154958,1.9975089856274195,
155029,1.9879268080866777,
155052,2.0414480921193343,
155078,2.1241421500983404,
155090,2.12744743703392,
155196,2.1702578593169224,
155206,2.1856984941290554,
155228,2.1591864567223924,
155248,2.1366372389825514,
155420,2.1210145722330385,
155425,2.123532964797994,
155528,2.0351609240070285,
155582,2.1040464474182965,
155603,2.091879825523217,
155743,2.145561447859218,
155776,2.1268504943315243,
155967,2.116587956027163,
156009,2.163350854415749,
156151,2.1528126036378,
156172,2.1376592104713166,
156277,2.0530743848577417,
156323,2.0851257447133515,
156344,2.097624315041389,
156349,2.089946038790948,
156367,2.0737913017073732,
156444,2.0630102083614794,
156478,2.07019938389889,
156521,2.101686362094098,
156538,2.0859056524340467,
156592,2.0315220761439754,
156747,2.080280995744205,
156875,2.0286072269224644,
157088,2.188310451924273,
157103,2.181656398980629,
157113,2.199801016467819,
157118,2.1981416784366767,
157120,2.1726162986150275,
157156,2.154314171140821,
157167,2.1693033499131182,
157265,2.2071548176691786,
157295,2.2253624451492224,
157383,2.2205230456053697,
157406,2.227809310767815,
157541,2.264207257899459,
157616,2.2588733886659798,
157652,2.2273155293024867,
157668,2.2203234385709454,
157740,2.198718775282403,
157930,2.0823453457283216,
158071,2.0756462269737646,
158244,2.047981478120723,
158316,2.029303150112845,
158327,2.0412717577735435,
158343,2.0351176570684855,
158353,2.0544120211171073,
158430,1.9974086349984155,
158506,2.032910379754134,
158657,1.8714433633373186,
158857,1.8628136476585047,
158976,1.9261481661160391,
159184,2.0155681423437346,
159207,2.0259882647027787,
159229,2.013781708934896,
159349,2.0202015490598444,
159450,2.092285245755818,
159483,2.022448068052442,
159533,2.060867107099552,
159571,2.065671283632615,
159666,1.9213775941729676,
160000,,2.058631586255657
160021,2.1186617941738692,
160190,2.187520846339045,
160197,2.189826786755356,
160346,2.1288914280836635,
160382,2.1839480354579477,
160413,2.157296659292899,
160713,2.045555125525041,
160722,2.0249296093816946,
160773,1.9967056579556617,
160836,2.0048523675619787,
160943,2.0413847270146506,
160971,2.0432744719039264,
160983,2.039320090872035,
161001,2.0687392895397876,
161030,2.105377483371376,
161039,2.0946715265475655,
161233,2.0521693790037325,
161261,2.0364123264458955,
161298,1.95212418968201,
161381,1.8594540239386328,
161432,1.9213064857841058,
161531,1.915209946529716,
161623,1.990835286661274,
161691,2.154729196990999,
161706,2.172454563180798,
161713,2.166975293427921,
161725,2.1913529614579064,
161754,2.202355950983064,
162089,2.2347986413722043,
162096,2.2347474636563214,
162119,2.267476482696438,
162145,2.239118824996991,
162354,2.1297104737380392,
162372,2.1412904752751616,
162376,2.1447243085950953,
162381,2.12657738899313,
162993,2.1259904819263507,
163042,2.1815441625105634,
163173,2.2057080001431904,
163204,2.203833127947385,
163275,2.2688351325416947,
163355,2.351438498635797,
163436,2.249249625382478,
163451,2.2642719002665954,
163539,2.1783419377519833,
163585,2.164001760137704,
163678,2.1327934002428344,
163777,2.057551329922868,
163832,2.1118006809604553,
163869,2.1928488024174384,
163874,2.1888035282752587,
163908,2.1658895711241484,
163975,2.0523522306934474,
164032,2.0714913199475857,
164112,2.1140949587154094,
164114,2.097819492527595,
164204,2.0391194311267573,
164247,2.036499062606604,
164388,2.0915963621281373,
164642,1.8994602698218017,
164673,1.8746732768314296,
164690,1.8806520985061268,
164784,2.007213400160561,
164865,2.019829335714114,
164894,2.0026003885362282,
165040,2.0888323252513743,
165052,2.1008404706275927,
165154,1.9722839230856153,
165214,1.9478834292336709,
165265,1.9459730987074386,
165300,1.8867425425259023,
165413,1.8468028626078867,
165476,1.8677285088622408,
165724,1.9007519121826946,
165788,1.8827325132786104,
165824,1.8382766856551305,
165896,1.941136761236981,
165976,2.0059204961455945,
165981,2.0046155029077783,
166025,2.0372564996072087,
166071,2.0836474771062283,
166129,2.1229009543971786,
166163,2.1195015725738613,
166242,2.106976169617486,
166435,2.0093446847845193,
166474,1.9423789389765558,
166658,1.971881812552595,
166848,2.0840978925381934,
166979,2.061275677990365,
166999,2.0788774680382516,
167256,1.9626435078231603,
167258,1.9166480701484494,
167324,1.873736322140802,
167397,1.9581146096777764,
167471,1.984104385234585,
167511,1.999607749038811,
167544,1.9721925771112327,
167565,1.9677673325228175,
167611,1.9480212551841924,
167635,1.9672641627585497,
167999,2.191002474400491,
168041,2.221669262440599,
168056,2.2305086928251914,
168212,2.2617235768972552,
168287,2.2026760590102192,
168401,2.2084871351094124,
168410,2.1947296139913353,
168455,2.213540771667479,
168561,2.1998128376588593,
168599,2.1568729501868678,
168701,2.1635945349244308,
168754,2.190218851113231,
168765,2.1672995062734226,
168873,2.081842027607047,
168886,2.039775856851023,
168889,2.018535203111907,
168890,1.997587118110095,
168907,2.0211180690883115,
168955,2.036589590105742,
168969,2.0362114534710996,
169002,1.9875339493045225,
169063,1.957472101686074,
169226,1.8713291076402885,
169264,1.9292678544086377,
169276,1.923188023752589,
169303,1.921145275570326,
169349,1.947381439286089,
169390,2.0349676772862737,
169401,2.046411054323761,
169458,2.1125914503267667,
169481,2.147401974837871,
169573,2.0670553520534876,
169593,2.090335080432493,
169622,2.1510781937172117,
169702,2.1586081631086937,
169824,2.2113057830651384,
169829,2.201072161612756,
169854,2.1996066287345237,
169972,2.2315103182317246,
170000,,2.0127637484165803
170021,2.2284697728577663,
170043,2.288147010724565,
170330,2.0747879659529325,
170541,2.0206224698844855,
170620,1.9934964545891802,
170648,2.04016796978387,
170659,2.0296206255174183,
170782,1.888700462783451,
170829,1.9420181739352353,
170966,2.0517732690068073,
170990,2.1050576852617393,
171027,2.0811953410383937,
171044,2.113477620262021,
171081,2.113190089792676,
171225,2.092241444108434,
171477,2.1474561408628974,
171589,2.161454620151109,
171658,2.153039371095623,
171752,2.217860041829837,
171793,2.1848902457517436,
171882,2.2292894831778014,
171883,2.207648635620101,
171981,2.1769021310049923,
171996,2.202079898819296,
172010,2.1823686008740633,
172077,2.0235206271253916,
172421,2.0814326075041873,
172442,2.11108551928775,
172452,2.1352700320827247,
172508,2.197416137595337,
172520,2.176788343196753,
172569,2.1406185031423726,
172658,2.1779252272642404,
172703,2.1580730709988982,
172734,2.1718240309618424,
172790,2.141591760460983,
172906,2.0784763697419013,
172979,2.0833288598348516,
173026,2.0629051870056823,
173125,2.11473414071187,
173302,2.1602707098340925,
173354,2.138361605474097,
173367,2.1314041217764785,
173640,2.0677127422946855,
173662,2.0875588147412345,
173708,2.076633447586219,
173738,2.1294373611578252,
173785,2.1529857397641825,
173822,2.1618177915463015,
173825,2.1568131180623746,
173879,2.2218089326179875,
174122,2.126633316100346,
174172,2.1295546492424666,
174243,2.112204999141703,
174275,2.142558665288633,
174288,2.143681183704692,
174364,2.213848486051744,
174400,2.2208758351348443,
174461,2.260429161272505,
174504,2.217898053738909,
174875,2.310325714562696,
174878,2.2855308796759424,
174917,2.3400181528368456,
175026,2.3959120743262723,
175093,2.3368342405968185,
175373,2.2944751030868065,
175461,2.2495708376025996,
175527,2.1943107530832924,
175532,2.2192784080053563,
175583,2.2694311461631527,
175587,2.256534283422519,
175628,2.1741650851997965,
175648,2.2114282101900105,
175653,2.1975279597257287,
175671,2.1932684568484846,
175777,2.1554180260631015,
175868,2.2049693868301956,
175984,2.2556050391420803,
176061,2.191325522727809,
176212,2.2157610091071898,
176213,2.1964137572016766,
176260,2.210707721944063,
176457,2.256696148423546,
176531,2.288146673683198,
176594,2.2437686368859855,
176636,2.1570075514953233,
176679,2.1924846649215333,
176683,2.1798859440965974,
176768,2.2292631047559293,
176835,2.2373908756229057,
176874,2.296884871238314,
176950,2.245225902880735,
177071,2.2974290910285378,
177103,2.2993674232619536,
177158,2.2904688280496863,
177207,2.2736490841491155,
177295,2.238974053949114,
177319,2.2785592714738923,
177404,2.3741146642286317,
177536,2.3630729433450863,
177602,2.321535190311874,
177787,2.244584230660795,
177844,2.268135472437832,
177980,2.2861765650805674,
177990,2.272751647403784,
178137,2.2126223914323035,
178158,2.1706667076853456,
178163,2.1775504792183082,
178207,2.167038241125788,
178230,2.160253069389004,
178272,2.125084300194715,
178310,2.1269213688293878,
178494,2.3364483999748127,
178560,2.310318921326337,
178834,2.121445831161857,
178934,2.0810652806812433,
178985,2.1196748862191637,
179229,2.1399155358377255,
179231,2.125686847986641,
179278,2.1453491537002094,
179318,2.1614718839457425,
179323,2.1489362422684657,
179329,2.1396842873966087,
179337,2.1491695235937955,
179401,2.094210734988708,
179402,2.0842585656667656,
179454,2.10351233184384,
179470,2.055739910563878,
179495,2.037961259633987,
179680,2.1139225801885075,
179695,2.117829291510043,
179706,2.103359115053813,
179733,2.1372898465103094,
179776,2.1984080199870086,
179855,2.205257362906097,
179878,2.243660699126067,
179890,2.244765138397879,
179975,2.2173688866286447,
179980,2.203733846078754,
179985,2.1873701328906328,
180000,,1.973332828322358
180053,2.2190550135660208,
180062,2.2143994357726804,
180400,2.04661351759942,
180478,2.0763375935102806,
180522,2.193255450890467,
180538,2.1849572502093646,
180620,2.2017408051232126,
180724,2.2472284670211304,
180754,2.2570210952128784,
180775,2.261800894767495,
180799,2.3086465527789644,
180835,2.2399783887040665,
180882,2.224400290193151,
181015,2.0437671914769577,
181064,2.023694163359738,
181070,2.0203845870958093,
181133,1.998911066736983,
181227,2.004221141123102,
181345,2.139760717284358,
181516,2.0820286038033595,
181544,2.073635344359891,
181551,2.10457376809901,
181738,2.1016158732208363,
181779,2.109928380988689,
181831,2.03683138170054,
181838,2.0309476280137844,
181881,1.9510755419254795,
181904,1.9411370229095057,
181937,1.9076063558876408,
181961,1.9235041594568814,
181997,1.9354759423904202,
182050,1.981581758323575,
182103,2.033151766740089,
182142,2.093427553570497,
182156,2.0800120287028956,
182259,2.1913716279067215,
182263,2.2006846798160797,
182506,2.0588029065382134,
182569,2.1661161520540664,
182580,2.142230896430988,
182780,2.149209573252867,
182829,2.0976161478624697,
182859,2.1154448110627246,
182916,2.0468807689215036,
182954,2.092400583986923,
183095,2.1286721757719453,
183134,2.127754054908044,
183242,2.0989500833386923,
183256,2.0848409168001627,
183350,2.0734622428481795,
183525,2.113711918307457,
183574,2.11075538229107,
183579,2.1225606175394227,
183781,2.243345977588603,
183808,2.2243424426161145,
183840,2.238886191639107,
183855,2.2387153064601493,
183960,2.243152200137182,
183965,2.2602388929117514,
183992,2.2336069634189455,
184008,2.219887000338303,
184134,2.2032569918461524,
184249,2.140967413293891,
184259,2.12505483927274,
184351,2.0428594974768663,
184455,2.127123549158974,
184497,2.0794750321182303,
184607,2.0974315171790376,
184667,2.059925110045574,
184805,2.238510018093011,
184829,2.2613391181248996,
184833,2.2509549569964284,
184982,2.1558643540285027,
185407,2.080744469058369,
185428,2.071586217811296,
185450,2.0640333629676015,
185625,2.1063829496859383,
185646,2.132550860934412,
185713,2.1436482892044904,
185858,2.236571173381687,
185868,2.2353376639900184,
186132,2.323734357281861,
186461,2.267142709860033,
186512,2.3153225471322485,
186547,2.3570877994324246,
186552,2.3532566986221153,
186598,2.326403440465885,
186636,2.3160425984846986,
186775,2.389354060479738,
186810,2.406443096907289,
186915,2.38328034161364,
186968,2.3656078679732144,
187221,2.376591611668415,
187372,2.41622775110183,
187401,2.423005950545537,
187703,2.4557139913238966,
187711,2.44555230422641,
187746,2.3971789747476593,
187901,2.254196223903677,
187947,2.1464713858638134,
187982,2.089237556918856,
187993,2.043940802868504,
188176,2.163760536856371,
188206,2.144425461646355,
188246,2.15876024619168,
188310,2.1669165858396497,
188327,2.204737101822138,
188361,2.2100229610615467,
188410,2.219401095186314,
188660,2.3064730815272414,
188670,2.339396276782676,
188689,2.377280323020869,
188752,2.3900156300501165,
188882,2.2471734822701044,
188908,2.2650319502562475,
188913,2.2730524341723655,
188918,2.2699344205791934,
189090,2.216195297343268,
189106,2.231955758000465,
189121,2.2341330513430053,
189381,2.281655148008209,
189494,2.2504381877303117,
189586,2.153364310652468,
189655,2.1464806873352855,
189666,2.1692616351987466,
189675,2.1836312666482978,
189687,2.1801005450816304,
189707,2.168063584699093,
189845,2.1996360663986128,
189925,2.1573100782127845,
190000,,2.0274818689345095
190051,2.079561917031718,
190161,2.148963453677816,
190164,2.1298764706246174,
190407,2.1654672546742897,
190447,2.183843149179317,
190474,2.1421200262354883,
190487,2.12719304783867,
190492,2.1299212642828267,
190603,1.965934915800565,
190762,1.9214693519423298,
190847,1.9125735460364321,
190921,1.954733383240269,
190940,1.9513327389731916,
191096,2.043710451845072,
191105,2.0589539543383655,
191130,2.0705480223164408,
191153,2.123500641290796,
191219,2.0761227327825287,
191517,2.1068035692790223,
191522,2.116594293750827,
191755,2.2431445359912785,
191767,2.2188838008705978,
191781,2.157113462161134,
191789,2.1466696771756237,
191817,2.1267122165221384,
191993,2.0134950365890436,
192056,2.015987225883233,
192357,2.1011347906582203,
192360,2.1084334130522864,
192374,2.0912138589876896,
192695,2.239116730288188,
192706,2.2251077026295705,
192839,2.275391161427047,
192901,2.2400312994423768,
192956,2.2217308751755396,
192979,2.233630590909516,
193040,2.1863116893351116,
193283,2.100546360851697,
193351,2.050792809408091,
193392,2.0990105823219736,
193416,2.102350378366966,
193436,2.103723632577053,
193441,2.0951267924587227,
193559,2.132913209041164,
193582,2.1359583252839927,
193647,2.1223451352461797,
193683,2.1125710544223186,
193707,2.123177769641494,
193809,2.140573873385473,
193820,2.1194073294310387,
193827,2.1179989496640466,
193851,2.0849397921020882,
193934,2.0901587260790735,
193945,2.049657159347017,
193992,2.0005591400545404,
194208,1.9154361997434606,
194219,1.9024512932029518,
194224,1.9141853304647283,
194292,1.9466454366465664,
194410,1.9640420718430989,
194464,2.0046679723498633,
194495,2.053083565183038,
194561,2.1101232959643252,
194693,2.1820340169389416,
194830,2.1343636668938033,
194865,2.1789722189467664,
194919,2.2019575840676056,
194927,2.1877033897332874,
195029,2.098961188685316,
195046,2.0861527304668726,
195063,2.0831264260217814,
195077,2.0732864193058544,
195086,2.0309485038365587,
195133,2.061139153266683,
195138,2.085950349094169,
195153,2.1071714370000643,
195180,2.1072468537966786,
195206,2.0526378362031203,
195244,2.029569907599026,
195249,1.9845628176535248,
195278,1.984314219853247,
195398,1.9994792951565359,
195727,1.9719708538808502,
195761,1.9360191121822876,
195864,2.0301584294102963,
195909,2.003785941499197,
196015,2.087524114096612,
196024,2.127598959932075,
196082,2.1166700909724936,
196165,2.0692060722270917,
196223,2.064488254444922,
196364,2.075094782847221,
196409,2.0778724738934007,
196448,2.0925966949138934,
196526,2.0839151501773627,
196667,2.0661015719167586,
196806,2.006015454729104,
196917,2.0682375537125197,
197030,2.1266015300266834,
197136,2.2074353016323074,
197214,2.2184302082746465,
197221,2.2178078071038763,
197421,2.1272536281750027,
197447,2.1368917398884744,
197646,2.1922541316705098,
197726,2.1903505855470824,
197756,2.221905665706724,
197838,2.259327588717608,
197882,2.32500239917838,
198144,2.4472019791592334,
198164,2.400042756407807,
198190,2.3187262123453043,
198211,2.283160010029602,
198330,2.0322655418178868,
198342,2.022607012980147,
198422,1.804093212859149,
198442,1.7806768223291949,
198542,1.9053696117267263,
198576,1.8627014891609663,
198819,1.7853418975132336,
198820,1.7692602353390297,
198883,1.7870447796112543,
198894,1.7982327199420753,
199136,1.683622512252431,
199249,1.7702006411128903,
199281,1.8207901994850346,
199411,1.9093977193273293,
199427,1.9519581085125466,
199551,1.8516135370405362,
199648,1.8350511192607044,
199658,1.8365429834076503,
199685,1.796728201740401,
199691,1.8240192850710844,
199833,1.9420275145266819,
199859,1.9472694461241604,
199937,2.026366618837903,
199939,2.002511050572652,
199946,2.000782218301274,
199961,1.9875899210576893,
200000,,1.9938173573343223
200048,2.0024138058671297,
200092,1.976437515002675,
200200,1.859333443139823,
200227,1.8278227892468806,
200235,1.7938452408371262,
200279,1.7701196367648955,
200525,1.8460103532801804,
200568,1.8779360927807156,
200793,1.7719068662402546,
200817,1.7915725908252853,
200839,1.8494019630370417,
200950,1.854686682484804,
201156,1.9195679128184282,
201157,1.8962602953404986,
201286,1.9373319470312809,
201301,1.9177647473317734,
201314,1.9386423931206205,
201472,1.9184077809846694,
201480,1.9426834315211323,
201562,1.950640591844835,
201564,1.9570610806876059,
201581,1.9929484663069217,
201586,1.9999758028481553,
201601,1.964237727965003,
201697,1.8154407893869364,
201799,1.7978515747307324,
201812,1.777527219884832,
201878,1.6520603434009842,
202006,1.7477660244895301,
202091,1.821966946641988,
202133,1.8111472818889722,
202244,1.8856206187486786,
202263,1.8616331037802651,
202360,1.9084239518478616,
202380,1.9041879290398886,
202429,1.8281237051796597,
202445,1.818303635766039,
202540,1.7175035022502194,
202646,1.7356249359365874,
202862,1.8955358668851912,
202964,1.9373800330182718,
203034,1.9078449086673968,
203094,1.9104582128669432,
203143,1.8689687114364626,
203188,1.8843065363765938,
203498,2.0039695470481167,
203627,2.0310688401727783,
203797,2.129449614861821,
203995,2.1937438435075887,
204076,2.2106178069866713,
204193,2.2294231554749966,
204207,2.24612173003191,
204299,2.2082172396673805,
204311,2.1516140578039495,
204346,2.1106057276503782,
204356,2.1251400985689055,
204358,2.1146474644995914,
204360,2.071892476062226,
204452,2.1351023084146763,
204539,1.9613404098308458,
204650,2.0274731516723072,
204805,1.9550270127379332,
205083,2.131166824068735,
205128,2.1614170858246653,
205129,2.1336968211883924,
205183,2.177215182809805,
205222,2.224823592103817,
205287,2.146319129728409,
205319,2.1825107472402556,
205595,2.138949239814803,
205602,2.1366199866495394,
205688,2.0976488798052504,
205693,2.091489576076648,
205758,2.115248125181736,
205886,2.0879501198771995,
205924,2.107380374776185,
205976,1.9874818050977665,
206003,2.0127335749075113,
206162,1.951732482478698,
206337,2.0248948967645304,
206341,2.0199966262087146,
206410,1.9690812882607418,
206463,2.018406079104845,
206546,2.02788951017297,
206561,1.9824189026015233,
206648,2.062806786283191,
206649,2.047107049305316,
206732,2.117316591143489,
206784,2.1390751670107706,
206798,2.1290908859509834,
206855,2.1319210891496967,
207017,2.1828606269178623,
207050,2.1778043595202785,
207100,2.218160081409857,
207120,2.247865778696844,
207201,2.326526830172081,
207229,2.316060581611583,
207460,2.3759070804774898,
207586,2.388942839933459,
207591,2.355152283809604,
207671,2.4201277853788903,
207735,2.467598705199776,
207765,2.5177260585145627,
207810,2.4955066710881857,
207859,2.482701880451329,
208064,2.3616476336191132,
208143,2.3600873039372554,
208241,2.293414488638045,
208271,2.3209362710753627,
208301,2.361602881530516,
208331,2.2806603950731876,
208364,2.2909534576755743,
208374,2.2540600807876663,
208422,2.3312878891574216,
208482,2.3007362889729954,
208575,2.3218127754279476,
208632,2.3615115343526254,
208690,2.371935936061861,
208745,2.403280762134092,
208750,2.432167802809745,
208832,2.391481600856904,
209070,2.2813098088110566,
209080,2.275784264411812,
209103,2.225818557103972,
209408,2.106699176267636,
209553,2.1547679515018747,
209565,2.1557520392309106,
209624,2.108857364133268,
209665,2.172500278459894,
209741,2.1783099194545263,
209877,2.2931428113558843,
209890,2.263502031718838,
209980,2.2122433212746007,
210000,,1.9992267735919593
210013,2.218343189413698,
210053,2.2267598906869885,
210100,2.239998101369601,
210196,2.1997078621320014,
210208,2.15363241364065,
210226,2.094595150909622,
210297,2.164963368378167,
210314,2.181690812265178,
210373,2.1658590982477874,
210503,2.1669296018736497,
210520,2.137398964838312,
210770,2.2761220720538593,
210890,2.1982631894773133,
211167,2.038291538723745,
211353,2.001395082240382,
211410,1.957656182204196,
211655,1.9583989224560734,
211812,2.000616257413324,
211904,1.9438862642380383,
211917,1.979638109923364,
212034,1.9655403802965388,
212103,1.887068528089332,
212131,1.8703215310154528,
212372,1.8177187359114781,
212533,1.87091736974505,
212575,1.9128676993650393,
212666,1.8209413932033696,
212724,1.8824048473899202,
212759,1.875728393397503,
212771,1.856860313441481,
212783,1.8402759303312297,
212785,1.8304370261854848,
212806,1.807173885376191,
212890,1.7965730197296208,
212985,1.8853003382314726,
213073,1.8364554907070223,
213098,1.8472664461645554,
213188,1.9062810519989712,
213193,1.9030032468623772,
213384,1.905954057270559,
213407,1.9263096677672429,
213497,1.8833224905021917,
213535,1.8604690472327297,
213606,1.9260076937232407,
213683,1.897959409029945,
214009,2.1199377532353383,
214221,2.1251419742097877,
214382,2.101385756695959,
214387,2.1245464195456005,
214586,2.0720551458733674,
214646,2.058736248689001,
214657,2.0239458246307875,
214720,2.086105776461969,
214764,2.1061341377726994,
214821,2.1367752140413923,
215058,2.252560390231489,
215059,2.2353530237978467,
215061,2.227532449067778,
215119,2.170803500492439,
215164,2.2058745998797518,
215253,2.114557959366353,
215258,2.123105306671744,
215301,2.097783512930001,
215385,2.0894747121180335,
215397,2.0856485031288123,
215483,2.078170095274752,
215590,2.1240821321878007,
215692,2.0410032035738626,
215699,2.0363461553263758,
216071,2.0730602908574856,
216115,2.0695969123283735,
216336,2.190564517281781,
216337,2.191799986516427,
216350,2.2018618203927254,
216404,2.251317007539922,
216423,2.218084763181386,
216659,2.1442550799989437,
216679,2.139728878418031,
216989,2.1048903702685977,
217020,2.109050812892679,
217082,2.090920321450865,
217097,2.0724358201628643,
217167,2.0661660021249078,
217385,2.0837610056748157,
217514,2.1484677851674907,
217607,2.2006360378143635,
217614,2.1824112720617745,
217695,2.267927788099879,
217789,2.1967479062932815,
217813,2.207607152082474,
218049,2.100780839139924,
218064,2.04670134651402,
218105,2.070907286702146,
218151,2.1313319299113247,
218213,2.158908857160535,
218232,2.147775140568761,
218480,2.0089343823129537,
218492,2.0398307051822995,
218560,2.030903054000733,
218667,2.0938345663063265,
218690,2.0903836795010253,
218791,2.0690730357033984,
218872,2.1168845716479185,
218965,2.093211630327577,
218968,2.099224514136941,
219158,2.180618689693287,
219220,2.1907819045100494,
219254,2.1740797004106778,
219447,2.25832739873545,
219534,2.278580101925262,
219539,2.2855426219929105,
219548,2.243087025652589,
219630,2.235599079449936,
219722,2.197982054930668,
219842,2.1455340535095426,
219875,2.117257984126454,
219998,2.0548450155956908,
220000,,2.0237372707922785
220035,2.0972203215670313,
220048,2.05821137819361,
220144,2.094035542414238,
220201,2.0328623404776054,
220279,2.1135697877315667,
220342,2.2009661656041817,
220410,2.2461522677253636,
220579,2.180667220126118,
220690,2.051903533571014,
220699,2.0479512565676044,
220743,2.022558837898149,
220745,2.0003454246526307,
220916,2.015645211764292,
221029,2.1496264727687717,
221168,2.0657596439284527,
221475,2.0450424740741244,
221484,2.0129412274966465,
221524,2.0194183537623007,
221687,2.0882333541622753,
221745,2.140967815607886,
221750,2.1369143133995387,
221801,2.038242084152332,
221848,2.042751037768066,
221995,2.027140455295196,
222070,1.9110941579730427,
222175,1.9430764129756062,
222190,1.9500430456845905,
222200,1.9656227235449373,
222228,2.0094290100685597,
222408,2.055276494057071,
222494,2.091635428829036,
222512,2.090182907138069,
222537,2.1255709525893276,
222555,2.0572995639431766,
222609,1.9430700558261156,
222704,1.8825529507915197,
222736,1.9159008320602138,
222743,1.9098100762247434,
222799,1.908266170547422,
223009,1.9678029451299497,
223014,1.9895963888663377,
223083,1.8936283905492477,
223084,1.8927331427448493,
223088,1.8932501699261408,
223486,1.9270435268323975,
223497,1.923641336857794,
223605,1.8714626540758688,
223699,1.974837673579785,
223720,1.9670446778301849,
223736,1.9547434497477207,
223806,1.9992348733720737,
223821,1.972659346402951,
223892,2.008950201117471,
223927,1.9785487905203152,
224107,1.9735671284399843,
224253,1.890907548491029,
224374,1.9767744931457454,
224408,1.957140334234349,
224810,2.0776203022778805,
225043,2.021205273343358,
225116,1.904882734750313,
225209,1.8488072998648237,
225230,1.805043484179856,
225270,1.8145646981881323,
225328,1.744765803839491,
225384,1.755414310851809,
225478,1.68933723860021,
225569,1.7995478779603444,
225791,1.967269915686218,
225801,1.9773196677719793,
225830,2.0666654179989425,
226057,2.0414717011103427,
226060,2.039998750712287,
226089,1.9743660774998568,
226369,1.986669207964006,
226600,2.0613223820777473,
226694,2.0981681967895613,
226839,2.0649539825968897,
226979,2.168002664868014,
226995,2.188470520933025,
227088,2.156146930016823,
227129,2.1421026775374954,
227148,2.1408268648477953,
227274,2.101509762115985,
227364,2.10433011440459,
227380,2.0759050840391113,
227516,2.141334170769027,
227670,2.0179586809901497,
227706,2.0028589155141865,
227744,1.9760700342270527,
227794,1.9384882243664305,
227810,1.969797405089615,
227812,1.9500662946914775,
227842,1.9510362139175834,
227935,1.9347311525095392,
227972,2.0225264869908246,
228061,2.018316292471864,
228321,1.93329409125594,
228365,1.9473844810840029,
228384,1.9617322587787813,
228390,1.953567571111857,
228397,1.9411403171334165,
228475,1.9397724890998034,
228508,1.9103130764894374,
228567,2.0082114888262397,
228653,2.0961981199810746,
228836,2.2466186015790233,
228843,2.244803286372361,
228941,2.2239668112185824,
229072,2.192593146729527,
229099,2.136181417765094,
229140,2.138140526900861,
229180,2.1569181778399567,
229187,2.102223102502373,
229240,2.086451170653108,
229474,2.0339316984831832,
229508,2.031714836005987,
229518,2.02100973153822,
229692,2.088148724276769,
229721,2.0861467379633787,
229769,2.0054408172307707,
230000,,2.0269328586447157
230011,2.082168351021472,
230144,2.223961814162836,
230276,2.1372091234950683,
230401,2.1641025834200587,
230440,2.1027445169233903,
230473,2.074671773064832,
230487,2.0626009329408834,
230539,2.1085070501363212,
230589,2.1556002195382002,
230628,2.1565082611498205,
230659,2.1670321886949155,
230673,2.1799898734559675,
230738,2.1385008403243555,
230749,2.1266221110937082,
230785,2.1119013448212236,
230895,2.1794439748479904,
230904,2.1490067908458625,
230923,2.1193940325217757,
230967,2.11234088427091,
230996,2.0876034555399117,
231030,2.0744912498642663,
231083,2.076556344959522,
231423,2.1313020560460174,
231671,2.08625896980261,
231737,2.127377773641351,
231863,2.113852374160024,
231929,2.0956119745563075,
232007,2.0599534894870883,
232044,2.0466504728433756,
232200,2.030022847656903,
232220,2.0236838894615965,
232225,2.0396638152914677,
232265,2.0533132146978352,
232318,1.948618028499595,
232407,1.8198396335178941,
232515,1.8568936467484418,
232743,1.9760118267604778,
232753,1.9947101724431238,
232800,2.0045824776183023,
232847,2.0078650700067695,
232875,2.0214571804017094,
232970,1.994859068487676,
233022,2.047065679354518,
233206,2.079855608434717,
233211,2.0812189989201637,
233246,2.0830449537565086,
233376,2.078442097607703,
233428,2.060627568409892,
233490,2.1117493473543307,
233576,2.062756431708901,
233750,2.036752630313461,
233845,1.9950986389207197,
233850,1.9945492994288134,
233948,2.0025133233362213,
234025,1.9944615899476448,
234082,1.9734419359279232,
234142,2.001939896634044,
234379,2.1005602964566195,
234548,2.102006967657852,
234634,2.184621989598407,
234782,2.1574724355211004,
234814,2.1781962373962878,
234848,2.0904465268624177,
235304,2.184394419971872,
235342,2.16615649885822,
235461,2.122918853676512,
235552,2.1256103254357646,
235581,2.09891172429246,
235627,2.0298196021069104,
235657,1.994753451894599,
235732,2.0890906526287756,
235838,2.195540228551281,
236014,2.309397288569893,
236048,2.332944799168724,
236051,2.333484712935111,
236135,2.1901634555345244,
236147,2.188029771158279,
236234,2.139606308031335,
236245,2.132332927681568,
236282,2.166255928813137,
236433,2.1015098409556336,
236446,2.0836694756261376,
236570,2.105079639464802,
236577,2.097713321801636,
236700,2.212245745777419,
236705,2.223321079768552,
236795,2.1659139847115294,
236874,2.2078656824683858,
236882,2.240201476684365,
236906,2.2528730099463132,
236929,2.2260940185195732,
237028,2.18929629764007,
237056,2.1143735786766924,
237061,2.125689021673461,
237142,2.1502745458751127,
237317,2.0527618880756027,
237408,2.0060178381545235,
237431,2.062129636675795,
237500,2.0880730892614374,
237550,2.1088808645184813,
237652,2.0176795229085824,
237664,2.061409315066814,
237713,2.0760574983919162,
237723,2.0944769286583913,
237865,2.2303971155483775,
237867,2.212420207769835,
237965,2.1911139697240336,
238012,2.162343743847085,
238081,2.1764836838788724,
238114,2.1004169044414196,
238131,2.0875574582199814,
238230,1.9743617514809784,
238386,2.145452970400701,
238419,2.143633690331515,
238427,2.1493179332322585,
238482,2.1617183045300097,
238601,2.2791645409335604,
238606,2.291702344950619,
238627,2.2657032779519026,
238806,2.1685925865797957,
238811,2.1626743499538144,
239055,2.115384425478493,
239512,2.049986132336935,
239581,2.0378335444022495,
239648,2.0965078035759963,
239695,2.175876646341636,
239778,2.1322679878648585,
239809,2.0713215344341265,
239850,2.065159838390226,
239855,2.0649911871908677,
239896,2.0749748006345596,
239909,2.0889170536893467,
239914,2.090792921386511,
240000,,2.0310449872417404
240017,2.0487129426671533,
240061,2.027816697192703,
240097,2.0173986589512283,
240136,2.040722419629695,
240428,1.9390706576911827,
240453,1.9345012854961074,
240465,1.9477807058823422,
240696,2.0568488770191236,
240725,2.0593198737829694,
240765,2.0940131347285686,
240816,2.178000925216228,
240856,2.1685076973332276,
241054,2.18100761709262,
241081,2.138629007563054,
241111,2.1341767258249873,
241151,2.1050647925416577,
241183,2.074061500157462,
241229,2.038334175193447,
241363,1.9632251971542507,
241373,1.9673275070562912,
241410,2.0005409892697705,
241465,1.987206491002801,
241508,2.031688840079607,
241557,2.057498216293673,
241576,2.0634381978005876,
241678,2.1366214614388666,
241731,2.178387958153231,
241864,2.2011947507445275,
241869,2.154262900443288,
242061,1.951831672163056,
242132,1.8657519164210594,
242184,1.908686909309423,
242189,1.9036270626773302,
242331,2.044796065931575,
242420,2.086005163708524,
242462,2.077242338528312,
242527,2.122371808379628,
242709,2.146851378553097,
242959,2.204015712797232,
242979,2.2515247490432024,
243003,2.2355863602480364,
243232,2.036693670914231,
243262,2.0022496136036874,
243264,1.992092510728576,
243274,2.0268291486995444,
243313,2.0994254968318407,
243322,2.1092006002168073,
243375,2.0478563274617687,
243433,2.07130898352614,
243473,2.063102784008736,
243482,2.0601905500538744,
243539,2.0052225536106634,
243577,1.998681226576781,
243587,2.0150425645219117,
243589,1.9980315267909918,
243624,2.0020957067737535,
243675,2.019456443058136,
243737,2.0548044683699587,
243760,2.0622104953400013,
243910,2.0737823196322838,
243981,2.0818097331254126,
244038,2.0130197436545516,
244098,1.993958618755785,
244143,1.9941365664637802,
244490,2.2059855316680195,
244537,2.206753285903525,
244579,2.169914591085023,
244589,2.11640892693998,
244641,2.1107503398241407,
244758,2.089879982513931,
244770,2.129746684781772,
244792,2.1186761766475053,
244848,2.0778045169662405,
244888,2.044557478259418,
244900,2.0452952789753516,
245017,2.0126463878835095,
245221,2.0382785529733507,
245251,2.0620446363577747,
245323,2.0274915634785424,
245554,2.1867787638920264,
245606,2.1877687710064033,
245747,2.3696756026809083,
245763,2.33578478708957,
245873,2.282469857132573,
245919,2.1800109955079607,
245934,2.1961014305680324,
246041,1.9935240445159925,
246069,1.9824242118044604,
246081,1.9356106940703646,
246143,1.951274276776897,
246157,1.9633260338185368,
246161,1.9209577284229158,
246242,1.902041552147289,
246279,1.858708793878759,
246364,1.8853081392298017,
246511,2.002663173699142,
246550,2.044276856557791,
246672,2.0957193935210023,
246703,2.1340235800946328,
246710,2.1313437794933447,
246823,2.209331483930479,
246846,2.2176678111308297,
247023,2.218825933792752,
247035,2.2186194221668005,
247107,2.168450950856382,
247117,2.1822117308201205,
247142,2.112225657186631,
247238,2.0709090191499753,
247422,2.0866931894763465,
247451,2.0653570836788937,
247551,2.0268815051426636,
247897,1.995438687164728,
247906,1.9886373057654065,
248172,1.8871892567741761,
248191,1.8987144913247145,
248299,2.0916072596016573,
248340,2.1381394867026073,
248349,2.110310431124383,
248357,2.131697765015991,
248399,2.1634229914662146,
248503,2.2046266501610923,
248522,2.1687508240028293,
248546,2.149222995410071,
248630,2.1640846155938873,
248654,2.1116567242733684,
248668,2.1266971498159966,
248719,2.1297599803868543,
248730,2.1347984793861077,
248748,2.1259725553348177,
248778,2.1120325059510243,
248802,2.0562394323373137,
248996,2.04779975440715,
249003,2.0435489873970853,
249168,2.144731319592429,
249195,2.2006755790738657,
249200,2.2099602133751977,
249216,2.1907147819422477,
249443,2.2855994771112393,
249491,2.2563716639187485,
249511,2.2877073888945656,
249609,2.0992722885851944,
249682,2.0629804865649253,
249732,2.0528805169888598,
249742,2.068448505476781,
250000,,1.9692496485061788
250073,2.09938553474736,
250153,2.0001665339162353,
250185,2.022961947281499,
250255,2.0819137527688616,
250553,2.0979072363936324,
250816,2.118491088824885,
250968,2.1433987920177007,
250980,2.170164148724987,
250985,2.174571333364729,
251093,2.142583508486763,
251199,2.1498850227340793,
251363,2.174133494187912,
251413,2.155756460842093,
251478,2.1122894164388493,
251586,2.1781938186151084,
251719,2.182371571014698,
251749,2.1590208412860754,
251805,2.1071234164918504,
251818,2.128601418061355,
251840,2.1299571805597464,
251932,2.110626250387983,
252001,2.127517109231998,
252061,2.130783906229745,
252071,2.132947593257835,
252109,2.1705536963890624,
252149,2.2002672829604806,
252192,2.2450702255278006,
252242,2.251933714745419,
252390,2.280689942861622,
252523,2.2244382145897865,
252655,2.1878443550459665,
252680,2.1970695587853735,
252685,2.1951563832382925,
252700,2.127132022067385,
252721,2.1929013642444635,
252726,2.1937173519430595,
252888,2.250593729808878,
252958,2.231854202846394,
253012,2.1917442256117456,
253026,2.1830335735496496,
253049,2.18625165778651,
253095,2.1966307150081708,
253192,2.171568265528651,
253263,2.104871710432656,
253295,2.1058375142739614,
253309,2.1030192785357915,
253491,2.059255287060873,
253508,2.067108870907147,
253575,2.0326527758294075,
253741,2.1400413736248605,
253758,2.1351303277858693,
253841,2.0318846652220026,
253906,2.075475681384036,
253938,2.0298611238019477,
253992,2.040212576254066,
254044,2.044764357438083,
254097,2.0034053409153483,
254216,2.10387956259727,
254310,2.1095113974517403,
254362,2.0818773945200615,
254427,2.1360974993762554,
254473,2.1469306574556533,
254505,2.1311967301935546,
254559,2.155991087204469,
254586,2.1728143500531876,
254621,2.2164648097837367,
254689,2.2549112763156844,
254705,2.2508881439663897,
254776,2.131641224478668,
254786,2.138639270455224,
254830,2.1257880869799184,
254994,2.078439104086215,
255097,2.025371677254083,
255144,2.0713201708262874,
255255,2.025369072217679,
255274,2.00867279302585,
255355,1.9658740297825241,
255365,1.9710260110426356,
255599,2.0550337882115777,
255754,2.2192375526002492,
256022,2.176085566923609,
256075,2.099781786990728,
256138,2.045236189667761,
256317,1.9285495362278566,
256447,2.055400147130632,
256803,2.3354622889960535,
256805,2.3208095843465806,
256827,2.251690326698335,
256846,2.2398689777728573,
256847,2.2296351619757,
256854,2.25861078215515,
256930,2.177105350501515,
256969,2.087496171755989,
257006,2.0074561597943346,
257022,2.0345752444984324,
257093,1.9418413515792472,
257105,1.9589668953191892,
257117,1.9464819409968492,
257155,1.8985970343691922,
257194,1.926037937518248,
257342,1.97138491756294,
257425,2.008243355728493,
257481,1.9975065625226234,
257591,2.0123359846693796,
257613,2.070247644592571,
257728,2.1278201113505095,
257765,2.134613574912365,
257772,2.1316069133964244,
257917,2.2388094580228524,
257926,2.241536262369273,
257941,2.2187374506932525,
258130,2.146836396044344,
258335,1.955157035092184,
258402,1.9832554207560562,
258437,1.9995463104881686,
258472,2.0174297176735427,
258726,2.068529395354241,
258829,2.031750760409335,
258863,2.0388535536034094,
258922,2.0269765659878898,
259038,2.0388656318161704,
259051,2.0245201246282987,
259197,2.042057024052704,
259359,2.0415734144414164,
259374,2.0298878122494717,
259565,2.1435135049327325,
259666,2.2837372396535587,
259719,2.241620921936986,
259849,2.2120701087103107,
259892,2.2360820669699253,
259896,2.2420464012921477,
259912,2.209538909270673,
259955,2.274856959316075,
259961,2.221753340065533,
260000,,2.318764558605949
260029,2.273974615862156,
260089,2.30016929924901,
260154,2.3751891272341044,
260329,2.33863722125917,
260349,2.3563302080990183,
260361,2.3057211578333416,
260639,2.210784863067074,
260644,2.210130718217465,
260733,2.1932897583025857,
260807,2.1681439540810676,
260859,2.17112261471284,
260883,2.160119723473311,
260998,2.178889990068797,
261023,2.2336726679668697,
261059,2.182624939390892,
261106,2.2210780152894607,
261349,2.054930006071785,
261395,2.091870785524226,
261397,2.0754559120178935,
261410,2.09090491208814,
261417,2.0913874626889237,
261585,2.1281910135261644,
261614,2.0328100475144457,
261772,2.0899797635865367,
261931,1.9979414503587285,
261942,2.014923114849856,
262006,2.09151049333019,
262034,2.0743371814453986,
262132,2.135712428467006,
262204,2.139379520142749,
262220,2.150382993722999,
262394,2.1143553077480157,
262404,2.1129425067620566,
262543,2.085746400698006,
262567,2.027060268185969,
262898,2.198853903015346,
262926,2.1978364796238385,
262991,2.2378606664053193,
263043,2.1249066307814086,
263182,2.1523126922056806,
263311,1.9630350145990603,
263337,1.9572674221171409,
263342,1.9636517466649028,
263404,1.9864638280391742,
263406,1.9823906880717401,
263460,2.0102773181417795,
263528,2.0199598259873164,
263558,1.9937968572152858,
263614,2.0423984902389445,
263624,2.0426470009500206,
263678,2.0502912719899338,
263697,2.102233221599783,
263724,2.1166287798895267,
263912,2.0866876160918895,
263988,2.045002042549979,
264023,2.0195598026749293,
264199,1.9178597563827176,
264214,1.9398267771370328,
264218,1.9588956473983865,
264392,1.994764528305959,
264405,2.031710989535276,
264458,2.0555819137095788,
264493,1.9999591284070248,
264707,2.2573845741381118,
264722,2.230769065780566,
264766,2.2407946776855976,
264929,2.1462488426654796,
265361,2.096122363322897,
265477,2.098222397987538,
266335,2.0550125721741184,
266451,1.994180567095368,
266471,2.027630069137174,
266561,2.019436379670073,
266573,1.9901558530354606,
266784,1.9686664343594427,
266881,1.9109860939899885,
266907,1.922677323632094,
266934,1.9098582728035578,
266970,1.9067537628146929,
267119,1.8875227888494295,
267374,2.0995275331910697,
267466,2.187359595050662,
267618,2.145840040757098,
267683,2.0401711665108526,
267741,2.0509732806385763,
267941,2.123349905562648,
267960,2.155945271107463,
267965,2.1567875009523214,
268090,2.1642094050203995,
268141,2.1470442645863805,
268198,2.2175407605119664,
268307,2.1683428392976896,
268384,2.1595423338250295,
268385,2.145497715220906,
268669,2.1441354619754556,
268716,2.1050129703482154,
268738,2.076296370167524,
268741,2.080593402496938,
268747,2.0664880978014275,
268757,2.0824312559232654,
268925,2.0345433777034563,
268999,2.073896648916058,
269031,2.039416565284995,
269050,2.0686320283576887,
269106,2.08027659033924,
269158,2.068046401602754,
269183,2.1103158162662616,
269481,2.2466466228958955,
269726,2.1646936499178606,
269794,2.092149699771244,
269925,2.0570703935688424,
269987,2.0696623378552714,
269993,2.0480027747810063,
270000,,2.0398084555184655
270285,2.186440356931008,
270536,2.156386423187773,
270623,2.1706745999593084,
270787,2.259321134433928,
270792,2.2514658697900667,
270855,2.233826368232377,
271117,2.0175508564373104,
271136,2.024693805689876,
271141,2.031795832211786,
271157,2.0269625936148383,
271179,2.0356321717525736,
271205,2.0457045604353437,
271236,2.053005575838767,
271255,1.9883779202915142,
271386,2.0064481760707067,
271396,1.9970454658745276,
271429,2.005450166068538,
271450,2.017853243779451,
271544,1.9933443123405579,
271562,2.0207856712631367,
271622,2.103927599953248,
271662,2.120002220685512,
271868,2.197829985029333,
271877,2.2206689851771584,
271948,2.212732230726016,
271988,2.2472407499766893,
272171,2.1465782253360812,
272204,2.144409299699565,
272321,2.0912543406776836,
272378,1.993807485906361,
272388,2.007975708057867,
272395,2.0240445984623023,
272425,1.9532961846514352,
272453,1.9211510988909333,
272607,2.0112588269701477,
272658,1.9760621804158809,
272724,2.1000261705449357,
272888,2.1022101442870333,
272935,2.0864794668771203,
272941,2.050862290785845,
272957,2.041049997786044,
272973,2.0727209880526645,
273015,2.139679439808104,
273029,2.1317763507375456,
273105,2.1392225260012006,
273168,2.141751275958737,
273183,2.1025259038343362,
273204,2.1708391809246055,
273261,2.1055486275675603,
273381,2.014112612768062,
273428,2.002646085753237,
273479,1.9874909559478235,
273687,2.0978078843368286,
273743,2.068865826427211,
273879,2.11689983204798,
273899,2.1048847188204456,
274026,2.0661605188909697,
274083,2.0774603859873686,
274140,2.054284617011176,
274144,2.030083236086669,
274159,2.0348104058384053,
274332,2.0791406507665595,
274420,2.129289702746942,
274817,2.0877743554626433,
274824,2.0879588467730006,
274851,2.110364382594986,
274897,2.1031962239168216,
274958,2.1450383222426317,
274990,2.1797607628301305,
275104,2.0751420505178784,
275118,2.088854474556831,
275126,2.0503945458559354,
275144,2.010774488344514,
275161,1.968152803234017,
275221,1.904798880422532,
275231,1.9173263414989226,
275284,1.9523504000717207,
275289,1.9528467860484384,
275422,1.9756000190993281,
275439,1.9441567731025855,
275604,2.075075598185317,
275616,2.0766010681956875,
275711,1.9781663833236576,
275746,2.0174720544003266,
275904,2.1165565537443554,
276307,2.2863550042100536,
276361,2.3095656823261437,
276384,2.2913090515339802,
276462,2.2195095438557324,
276468,2.192056524263712,
276616,2.0931137584477923,
276642,2.06866383630912,
276670,2.0575201372450422,
277234,2.1166028299578747,
277401,2.160295202530958,
277413,2.1586196612880117,
277653,2.1699460173675806,
277732,2.272046004701937,
277750,2.256295186224045,
277819,2.2462557424126426,
277830,2.273701819224141,
277834,2.241115498816567,
277853,2.2367567426353,
277872,2.213065997921299,
277897,2.1921478029051347,
277902,2.189235117777929,
278000,2.234720322897129,
278061,2.141359235432151,
278099,2.08293241639112,
278163,2.1383065850620913,
278244,2.1753303622917057,
278272,2.1607147603893146,
278322,2.183965546971016,
278334,2.1817267526923536,
278431,2.1085393455238166,
278826,1.974822139263344,
279045,2.1807210736039284,
279211,2.1816205774833417,
279219,2.1412459363278504,
279636,2.2431069828225385,
279710,2.1901125964012667,
279799,2.0195055740577312,
279849,2.005774155104251,
279920,2.1199283611851087,
280000,,1.9893556683947256
280001,2.0160453041145865,
280235,2.2346421144346014,
280552,2.215344131610147,
280617,2.211311577182558,
280644,2.19793301660906,
280713,2.202598441620058,
280945,2.2307893081709382,
280993,2.1604974120446023,
281089,2.2311178763908477,
281092,2.22012780888759,
281135,2.2011182286997606,
281200,2.120033060900502,
281219,2.0911647648914764,
281257,2.165294163504407,
281591,2.246161478200533,
281641,2.1757046746070587,
281680,2.0854753474867875,
281781,2.0333039795062917,
281802,2.0346993520841683,
281955,2.086891664435428,
281976,2.0579881112020577,
282133,2.17025995093463,
282410,2.2945113495813256,
282462,2.297277767729379,
282558,2.188563585840896,
282748,2.056736333978206,
282990,2.0012263379112714,
283057,2.0448832782039306,
283062,2.0261029649133127,
283104,2.0623761502719717,
283109,2.0798796739701797,
283160,2.054798029826695,
283247,2.1827166714520745,
283293,2.209132706161131,
283308,2.2165787675841737,
283378,2.159331691263543,
283533,2.1447735697638928,
283538,2.154215676582764,
283553,2.1350454628811604,
283568,2.1013562561906785,
283603,2.1006171431713887,
283763,2.228075097133675,
283767,2.2123953562092584,
283777,2.203919374157852,
283918,2.247526601427205,
284022,2.2882986699559704,
284105,2.2053600984444377,
284131,2.18585596939685,
284177,2.1574770292685908,
284223,2.2342885244570003,
284245,2.186475716535901,
284454,2.1437786367889284,
284480,2.1685418709701594,
284513,2.144994643866152,
284604,2.143659979632898,
284638,2.139037444561893,
284649,2.0948683242679307,
284659,2.065067501488497,
284708,1.9484335147687302,
284909,2.048098772863715,
284918,2.031926140023087,
285093,2.1374193867267746,
285280,2.199474358214272,
285380,2.2577301660661964,
285387,2.2431733778910554,
285450,2.306343577488454,
285518,2.1527146009436198,
285601,2.1449268594537423,
285743,2.1411618017105876,
285836,2.0662669755104424,
285882,2.100451464944862,
286012,2.138220250214882,
286400,2.117517911971237,
286488,2.1499770322232923,
286500,2.149884121044945,
286524,2.1509983238013133,
286613,2.0930476271105376,
286629,2.095610078516125,
286647,2.115018746084894,
286706,2.1835722358026706,
286855,2.1560013891849352,
286920,2.1009261791228053,
286926,2.1065792127244585,
287386,2.235615077044007,
287670,2.106704931050877,
287871,2.120259198175687,
287936,2.0965525686689452,
288095,2.102451799554672,
288117,2.060244138213124,
288134,2.0431286395333212,
288197,2.0893925907860638,
288300,2.098715207452524,
288314,2.093248175707691,
288395,2.075348468902319,
288563,2.069042473942865,
288583,2.095580896513286,
288669,2.018292323714592,
288704,2.004143850189454,
289001,1.9593345076536928,
289040,2.035294504823725,
289063,2.0858051895543395,
289176,2.1792760623074514,
289266,2.234880479059507,
289406,2.1565902285836938,
289508,2.1534051639489022,
289650,2.1551489828446053,
289653,2.1454496565324708,
289709,2.1781443111175434,
289740,2.1743739723969937,
289783,2.180311323141155,
289869,2.139388140392142,
289877,2.117981755536482,
289913,2.1192542638019893,
290000,,2.0698111154829397
290175,1.942165781941055,
290232,1.9777221118252022,
290358,2.047396392984616,
290430,2.0796288136685734,
290444,2.0548619686276197,
290470,2.0705300240325673,
290506,1.997908182577086,
290572,1.9967586447936825,
290579,1.9998415850717868,
290600,2.0006586211084687,
290653,1.9951416105420026,
290694,1.9885825682656302,
290776,1.9606617077925288,
290800,1.9397066867843966,
290868,2.0297865672268465,
290878,2.0154778026073283,
290890,1.989017807344104,
290891,1.9773072799607327,
290919,1.9888467932507734,
291033,2.0039896874453227,
291096,2.0534989461534665,
291226,2.110093896127604,
291317,2.196056075142312,
291384,2.1901257300790724,
291422,2.166197425977571,
291630,2.249096687760462,
291666,2.135643461757355,
291761,2.072935555063957,
291836,2.1902572962436255,
291846,2.2079034539498785,
291891,2.13276103770645,
292030,2.128502406264013,
292055,2.153173010033047,
292064,2.173087732468783,
292244,2.1037871121769056,
292258,2.1175183597145106,
292271,2.1213408522714694,
292284,2.103354271299291,
292289,2.107588901969038,
292426,1.9748442090571277,
292433,1.976766602547596,
292656,2.059918351693409,
292671,2.083167993445479,
292706,2.1180314903298507,
292773,2.0649596981681517,
293014,2.0593098586124654,
293155,2.1112043515204446,
293201,2.1246558220517198,
293334,2.161375642126569,
293368,2.1223957384846788,
293374,2.120828316885417,
293403,2.0634869322530305,
293481,2.149208376229182,
293492,2.1412890038310963,
293542,2.2380345853364587,
293755,2.128955377814411,
293779,2.145028696816296,
293794,2.1435576198511694,
294021,2.158064668708342,
294131,2.152740211763232,
294141,2.1605789417636547,
294146,2.170847286225595,
294318,2.0403546864331084,
294328,2.029971295632305,
294447,1.989773356267182,
294504,2.033579781338352,
294575,2.096153242203147,
294606,2.1403395045926805,
294763,2.23770946126078,
294830,2.222192064073736,
294867,2.1935001749787957,
294956,2.1680545646494704,
294982,2.1755980151129375,
295009,2.124713240077609,
295115,1.987194881896514,
295144,1.952340054016399,
295217,2.0165998854341884,
295277,1.959431160917375,
295379,1.821687637704507,
295382,1.8321711996298689,
295405,1.8244354965802034,
295465,1.843538844966936,
295527,1.8727742987574054,
295724,1.88937914320191,
295729,1.8858765260726582,
295737,1.8831087786971148,
295835,1.906337418100764,
295887,1.942462667184252,
295911,1.9462277916003035,
295926,1.9572041312692712,
295968,1.9980761216768894,
295992,1.994409432572208,
296056,1.9798693206831515,
296156,1.8455507611685738,
296170,1.8675497732905146,
296232,1.827795708052269,
296345,1.8495119294235423,
296375,1.7567715722142025,
296422,1.7990496253186072,
296463,1.8096027586025485,
296479,1.8084438363138622,
296561,1.8047869249336037,
296590,1.809187998608262,
296686,1.7737242213447033,
296701,1.8027585428106432,
296715,1.80388617047241,
296861,1.9025159388777022,
296866,1.918424590953699,
296915,1.8753774937141896,
296959,1.8206520118922294,
296975,1.8376821772581657,
297065,1.8132126996431537,
297156,1.685254231556575,
297394,1.8366513496094143,
297471,1.7954847078873866,
297700,1.7256386059249764,
297745,1.7364180447382536,
297767,1.736646347534088,
297857,1.715998279729408,
297936,1.7088349869800772,
297945,1.7134415293446392,
297992,1.6269155511154099,
297993,1.6160329971591563,
298044,1.610531245473083,
298053,1.615872396305079,
298248,1.576169834230642,
298310,1.694785108737784,
298313,1.6939765415924597,
298331,1.6771522523004896,
298408,1.6627872495600502,
298460,1.6489738410450934,
298513,1.7034978208449036,
298523,1.6909591217577173,
298559,1.679125209436844,
298589,1.6107281260149244,
298785,1.6132761989529936,
298916,1.7717346113326848,
299077,1.8438244973618974,
299149,1.806237748415498,
299223,1.786492410776313,
299229,1.784332466209004,
299266,1.7343765002320242,
299351,1.734921712382668,
299363,1.7029270816932516,
299419,1.6445715503954415,
299437,1.6616635323885938,
299472,1.6524366576470177,
299478,1.667771968950118,
299532,1.6684790484573775,
299542,1.6342081483210642,
299586,1.6447122160214829,
299698,1.697594107359653,
299797,1.7071230177059724,
299802,1.7215826934896006,
299858,1.7585685502375612,
299901,1.6831821577330743,
299962,1.5724813351012725,
300000,,1.9043416594019402
300059,1.514956305926055,
300192,1.6316949572033785,
300219,1.706026379016379,
300258,1.779758826868182,
300360,1.8683671382120135,
300383,1.8368934824401435,
300454,1.847710781801933,
300520,1.8285966914144092,
300540,1.8781638730150256,
300606,1.8782491973496258,
300648,1.7924150446408091,
300822,1.8710295890125657,
300973,1.8825894103815615,
300978,1.9015486008346414,
301093,1.9156448796159058,
301130,1.898146056517647,
301138,1.9241951086476496,
301251,1.824424009963372,
301264,1.8292755479250378,
301347,1.8055900547978094,
301369,1.7797033387033263,
301566,1.9183827705781291,
301609,1.932656438258508,
301627,1.9179909569240081,
301793,2.009494438619205,
301817,1.9626578174648626,
301871,1.8727506150242375,
302025,1.946244533835941,
302036,1.905663839758142,
302038,1.8882162114353678,
302095,1.858563942873832,
302207,1.9277916912605906,
302210,1.9386438803513608,
302260,1.7798851852906659,
302277,1.8263645680896736,
302298,1.8568125684929333,
302313,1.8468767677978235,
302558,1.9287019755330013,
302579,2.00053160982067,
302683,2.002038625768147,
302692,1.9969306004392513,
302700,2.007127925454504,
302741,1.9559499035395824,
303059,2.1199681554794334,
303267,2.2426484886370037,
303290,2.250030791519972,
303498,2.1534796222951775,
303604,2.045425742660317,
303657,2.0953583698263887,
303751,2.1834353566275055,
303929,2.2491509316937437,
303961,2.3066273493142306,
304198,2.142985691385517,
304322,2.2143666942285485,
304541,2.149355468509226,
304558,2.1536006599524153,
304649,2.1178304918061204,
304667,2.0812074553122404,
304963,2.107888197394054,
305101,2.136485032420269,
305222,2.197901814503153,
305275,2.2149906395006016,
305282,2.1907049455997556,
305360,2.2590648669574365,
305604,2.2506112408482757,
305638,2.282728194019175,
305688,2.3442526906145615,
305725,2.34929655907674,
305757,2.3106647708033323,
305928,2.353734391519972,
305938,2.3465827325754685,
305956,2.3494626469605953,
306174,2.231828559929251,
306212,2.2006705591138522,
306305,2.1025236971552284,
306330,2.0891922248608714,
306353,2.1054373040124923,
306446,2.1318436305151742,
306640,2.089850747470658,
306721,2.0831413527100993,
306754,2.099038466014578,
306762,2.080921070705858,
306802,2.1105012776946417,
306887,2.1734403796603603,
306898,2.1806653022167826,
306988,2.173795333596285,
307048,2.1695667355230808,
307077,2.1650681893128705,
307204,2.2116429294026467,
307222,2.2085157432928657,
307232,2.1975604213796616,
307373,2.2506499944140175,
307414,2.240127301748131,
307491,2.179478882230347,
307758,1.982831633562883,
307766,1.9843698776143512,
307804,1.9940691862265132,
307900,2.0002576552763496,
307908,2.0049010845074138,
307941,1.9740701097648232,
307965,2.023167272074386,
308131,2.0305838909904095,
308162,2.019946142411184,
308202,2.0691808894329635,
308240,2.1177815887847844,
308334,2.0393042170851063,
308399,2.0437861249771325,
308428,2.0354413638250897,
308566,2.0343198059684067,
308586,2.005647341518974,
308625,2.022849901274776,
308716,2.0424916478393498,
308820,2.1132927106835435,
308830,2.127933297901849,
308888,2.161854878168075,
309019,2.14514051320601,
309043,2.0608434433443508,
309101,2.055471841740834,
309106,2.045539771452192,
309180,2.071888880496323,
309318,2.063296755782732,
309356,2.02903000200643,
309393,2.060203108595853,
309454,2.040396801982244,
309548,2.0402247145532213,
309596,1.9709534212153819,
309636,1.9951022737650603,
309665,1.9915732301343982,
309766,2.049298732438563,
309785,2.0812579416380443,
309794,2.10099828476695,
309816,2.0928461616693808,
309864,2.1090875850671527,
309960,2.1402717056570713,
310000,,2.11830088036302
310024,2.1424016522691445,
310050,2.1369393904798146,
310085,2.152257083229205,
310149,2.127128899765856,
310514,2.1249771087289333,
310530,2.149575912861101,
310576,2.199131880414419,
310619,2.2097322947400575,
310681,2.194051218502451,
310686,2.1683200029952334,
310732,2.157258612506668,
310807,2.2010988566893595,
310885,2.241761725622752,
310933,2.2308944981514425,
311218,2.2120817264791857,
311527,2.173489737753602,
311701,2.105106839104162,
311796,2.1169118653502768,
311901,2.187314458303591,
312031,2.160045567615853,
312149,2.1852525889798993,
312206,2.212132993864282,
312276,2.225244267047606,
312374,2.228727303791391,
312523,2.254659269178252,
312572,2.160771191224554,
312630,2.13515012866939,
312635,2.132654954315388,
312666,2.1189960056422685,
312673,2.1172095222494405,
312855,2.090829609162283,
312881,2.120578360874043,
312951,2.082946252839274,
312995,1.9930316415298353,
313132,2.0069477556972455,
313143,1.9954660701185056,
313166,2.017796439519768,
313252,2.025563479371655,
313486,1.964862379588156,
313609,1.9452672603485934,
313693,2.0176951737201603,
313888,2.185687280753217,
313967,2.231409325565263,
313979,2.2584862792606426,
314085,2.280145896889911,
314112,2.3019262535476437,
314229,2.291258186851952,
314280,2.2515738865009323,
314285,2.249080842874914,
314298,2.2202317348950382,
314376,2.1716150093733617,
314412,2.1290982292472687,
314535,2.1480262947422655,
314612,2.0625596420429657,
314626,2.033715891387716,
314652,2.0354342896299302,
314692,2.020616178765082,
314827,2.1717455409006323,
314878,2.1549247331600894,
314941,2.0594947473370255,
314976,2.064349530912646,
314996,2.090993372060521,
315035,2.084674931713591,
315267,2.1051637744414116,
315409,2.126238080541663,
315616,2.134673048228428,
315663,2.0898156386657005,
315814,2.161220315210894,
315829,2.146671428267777,
315876,2.168951345073603,
315888,2.1478423066418877,
315933,2.203144123260799,
315994,2.2124865167751544,
316073,2.2035117650995333,
316149,2.2317944887695433,
316211,2.2427647506450543,
316254,2.221873805415234,
316381,2.1411022499323678,
316429,2.1569641521881384,
316459,2.1044422109891827,
316478,2.125244161745664,
316485,2.114962861153086,
316699,2.179271783968575,
316788,2.1172341788402913,
316793,2.110725623848155,
316860,2.13417235027874,
316882,2.1358248612747395,
316930,2.1064661127185222,
317039,2.091118550472533,
317217,2.252148904948005,
317229,2.2644121751613246,
317379,2.146951273293678,
317471,2.1897978840622234,
317517,2.1644820873807107,
317526,2.1647288896193904,
317557,2.063365661115479,
317594,2.0299150428271524,
317609,2.0311957140910324,
317744,1.987486370428915,
317778,1.9716986312128293,
317921,2.0167014640198553,
318007,2.101287366555317,
318057,2.1722233011909324,
318060,2.1507410124300783,
318155,2.1860237059920813,
318259,2.1640599482791227,
318329,2.1412301689046713,
318488,2.029828239019744,
318561,1.937172134339919,
318607,1.8660910532623185,
318713,1.8986731861703716,
318745,1.9157972137691253,
318765,1.9278451529408118,
318826,1.9096808087490345,
318884,1.9228890192061514,
318957,1.9443543983341822,
318980,1.9373326561211557,
319103,1.949172310400288,
319158,1.9354374584619345,
319233,2.0291109100077542,
319360,2.097902116663006,
319418,2.0882296587628515,
319437,2.1116516361620925,
319445,2.125794622007139,
319532,2.1520489478863847,
319614,2.2351879521769296,
319647,2.1738329059070067,
319670,2.1614862432505912,
319740,2.173228595265618,
319767,2.1466893288331157,
319775,2.1527640329807913,
319834,2.2112983995778706,
319976,2.2680913461354666,
319984,2.2746526635815894,
319994,2.257309765709371,
320000,,2.209674212796772
320073,2.274598158533627,
320200,2.3668192763021407,
320264,2.3236894090862403,
320302,2.2361917498423347,
320318,2.222356882563622,
320419,2.1090269674381847,
320735,2.043910869461117,
320782,2.1010459061054285,
321042,2.1021066183530768,
321052,2.140220054041568,
321071,2.114575120607661,
321104,2.0635441002304797,
321113,2.049953429009592,
321205,1.9450490504838487,
321310,1.8907515753518558,
321333,1.8960179164046673,
321357,1.8691968052311914,
321364,1.8661512198366228,
321401,1.8622906396827108,
321466,1.8863233176659613,
321697,2.03160571212136,
321720,2.092385752643422,
321776,2.0703625201915723,
321803,2.0703515044592624,
322006,2.228351569767267,
322083,2.240708223716062,
322194,2.202848612269795,
322204,2.2157533475525653,
322327,2.160888534529947,
322349,2.109938444673819,
322418,2.0055793129437673,
322452,1.9822828728852726,
322666,2.072753110701081,
322765,2.1450844685809862,
322817,2.1650737336078483,
322833,2.1823193099217075,
322845,2.195330156647638,
322922,2.165185385228248,
322933,2.141273733603893,
323062,2.1148681885842397,
323099,2.097098019600663,
323127,2.0960298505115444,
323273,2.1394675510316605,
323313,2.1670574016672948,
323346,2.154109773880652,
323365,2.1568069418742146,
323371,2.1702923208105753,
323438,2.137396753293046,
323472,2.1089289637015134,
323684,2.0659722731904724,
323771,2.1020830946317566,
323867,2.0025505392804406,
323917,1.948018097944059,
323961,1.9655340089453606,
324098,1.9931388576764908,
324131,1.999225812407841,
324241,2.167435372885942,
324328,2.1203351202847527,
324489,1.9973157857008206,
324561,1.9045896939686318,
324592,1.9330325644398298,
324649,1.9972757890126376,
324770,2.1064664525873353,
324772,2.081113711849441,
324891,2.0893346410718143,
324900,2.08865955240199,
325003,2.046053007355709,
325028,2.0226089074972755,
325087,2.0515303277418298,
325309,2.028036402047612,
325338,2.0520149925944646,
325366,2.0562315513263854,
325491,2.0159540795971846,
325522,2.0100560837465373,
325549,1.9507162046803395,
325631,1.9673266692237668,
325687,1.969051133117895,
325846,1.960401929028273,
325872,1.9447946141096932,
325898,2.002027085285231,
325918,1.9822053644127817,
325949,2.0481062799760057,
326025,1.9670138959375885,
326053,1.9489816154710586,
326138,1.982378020025621,
326181,1.9728981414145597,
326224,1.9460407946189897,
326360,1.7735840050499567,
326426,1.7231845387566063,
326436,1.7364107921108316,
326444,1.72116591729235,
326479,1.7023198576596954,
326506,1.7717452270158134,
326539,1.765578398777883,
326572,1.8141315648988516,
326593,1.8286921144682473,
326720,1.8876845209836188,
326750,1.80221305054146,
326823,1.8929635152730742,
326934,1.910492509548076,
326992,1.8525921448867615,
327007,1.879984657413421,
327045,1.8966997512367127,
327051,1.9033239465249656,
327087,1.9813856822289884,
327173,2.0079863673987948,
327177,2.0250484936711515,
327197,2.0125003193425535,
327332,2.055513736414002,
327344,2.0585276866873845,
327346,2.049330241201254,
327385,2.0941392732294117,
327397,2.0503813552600123,
327469,1.8854452359866614,
327551,1.9033245012725828,
327651,1.8969529762862505,
327653,1.90423421160295,
327662,1.9214810292403706,
327686,1.9078331167708067,
327786,1.8800922981958743,
327805,1.9088452864283607,
327837,1.983799903087744,
327855,1.9099381570841774,
327989,1.8575994391792552,
328101,1.9414074312676166,
328232,1.9521990861058174,
328260,1.9170751823615118,
328397,1.9295118236928674,
328405,1.9361841605813042,
328435,1.93143051447814,
328448,1.9136483194172993,
328501,1.9256110290921844,
328589,1.9486006237332663,
328593,1.9670018860230019,
328602,1.977052210007518,
328650,1.9955247229526132,
328843,1.9625812545393877,
329150,1.6035861076138969,
329198,1.6443000579577987,
329430,1.7097340923328277,
329484,1.6920544247808877,
329558,1.6820345708807733,
329560,1.6649862495271746,
329620,1.6618800668130567,
329697,1.698011589960189,
329698,1.6863195828908153,
329738,1.6417791212191601,
329778,1.684355169727782,
329912,1.787509613823631,
329917,1.7910241700371616,
329945,1.8219037554724489,
329957,1.8141456677612362,
329970,1.8362206587410714,
329971,1.8238709310912433,
329983,1.8348699873875418,
330000,,1.879811078466186
330032,1.747173661410183,
330251,1.6261344134867517,
330287,1.625907178642362,
330321,1.6525490431966574,
330486,1.681220954108064,
330601,1.714497631003275,
330683,1.6584515566226683,
330931,1.6234416003823013,
331007,1.6997041719410109,
331052,1.7338925869648174,
331249,1.8774432812866904,
331251,1.8852872035075188,
331267,1.9085073158470727,
331271,1.928159308653596,
331294,1.895133892520669,
331307,1.892378300757203,
331644,1.8859253065771748,
331798,1.9137896616260632,
331825,1.8985371805574756,
331857,1.9741656412160702,
332072,2.0078012937349956,
332100,2.071044441507116,
332133,2.064689615024922,
332185,2.1288103218415393,
332430,2.166718896561302,
332448,2.1405678943864506,
332488,2.1283805790537365,
332648,2.1629257750436284,
332696,2.1484788107842343,
332749,2.178134386069198,
332843,2.194419954662855,
332862,2.180677839440031,
332921,2.1556010930421796,
332958,2.0995852555427454,
333059,2.136252831636863,
333101,2.10825461981969,
333198,2.1355224255073257,
333239,2.1075987822270656,
333395,2.0113397603317402,
333531,1.9405436997163343,
333579,1.9573056868568726,
333582,1.9543529939092839,
333643,1.920183596956552,
333774,1.9251458861653645,
333779,1.9296467007196616,
333924,1.9395559722728404,
333931,1.9374866544097396,
334100,2.064499624879971,
334302,2.0623480228861784,
334438,1.9867960630731998,
334452,2.0227702997593613,
334517,1.9581358415328447,
334586,1.9306121066214925,
334608,1.9306261489595833,
334681,1.9371118536817413,
334757,1.9316863875709485,
334970,2.0800487294110486,
334982,2.0618755724229647,
335125,2.0952052765695854,
335134,2.0871002925692963,
335161,2.0612544170914013,
335285,2.064430141704229,
335323,2.0542636429567596,
335383,2.133233089846763,
335774,2.169755810488978,
335780,2.1584712245249333,
335945,2.1804226560880435,
335950,2.150831692915548,
336080,2.2387512373735925,
336081,2.2262291325883186,
336237,2.0281321435499433,
336239,2.0223649393925562,
336315,2.132491131232701,
336405,2.0430892498731885,
336409,2.015580814924625,
336604,2.181462143276192,
336677,2.210772404527485,
336684,2.188781902570479,
336708,2.221402851682594,
336713,2.2356559117362447,
336834,2.1713633707768327,
336911,2.1229002503560244,
336962,2.194616038162556,
336969,2.1801298926239645,
337048,2.1246746785583626,
337075,2.109837914296189,
337189,2.1466280322173263,
337238,2.148594225497776,
337269,2.1190936989194245,
337409,2.083411816199972,
337476,1.9941460670346547,
337632,2.057704733873636,
337717,2.0391301602554104,
337936,2.0364380299414364,
337965,2.037066499964666,
338038,2.090530608786843,
338718,2.1949960734255614,
338796,2.1539561578549478,
338801,2.1459662752178965,
338997,2.129587914412654,
339234,1.9103087413157214,
339329,1.9859328584745375,
339403,2.0807407766594133,
339443,2.142287614359157,
339454,2.1566480564654817,
339478,2.176600421582385,
339500,2.2180702376205845,
339541,2.2707538869459554,
339562,2.2227821020199845,
339594,2.281302642687946,
339607,2.297873590569285,
339791,2.1937970425653,
340000,,2.0113283111854843
340021,1.980775101089281,
340107,2.057042142334443,
340192,2.0860844684017867,
340339,2.1682968960737328,
340434,2.1023041551910864,
340440,2.081362133592642,
340545,2.08235705003268,
340692,2.088113066648364,
340843,2.2222808559587364,
340905,2.201388897171617,
340937,2.2165059180537,
340992,2.141082975127288,
341003,2.1073746958773736,
341071,2.0730741297850286,
341105,2.0977364888572976,
341134,2.0598772255553657,
341147,2.063688902922226,
341150,2.059493002164281,
341159,2.0338372768835593,
341368,2.0699709807863194,
341400,2.1245977349673115,
341489,2.164118452424977,
341538,2.1564348537067657,
341548,2.1842106303885522,
341626,2.126922145438258,
341790,2.122817993185894,
341806,2.136643677199832,
341965,2.146740834800291,
342097,2.234396111689024,
342209,2.1103965441859747,
342298,2.146361211959234,
342326,2.1343677496069344,
342336,2.123174569625001,
342380,2.1612601467078187,
342488,2.175909888933462,
342611,2.181203674673183,
342831,2.2130205809690717,
342862,2.18646663649879,
342894,2.17982085412413,
343127,2.2281529949487737,
343227,2.1468601030596712,
343244,2.1331943163530256,
343279,2.0543406891210925,
343420,2.0833934718213087,
343487,2.095076346569356,
343741,2.2278844530471287,
343766,2.130788724488947,
343851,2.0933220171283384,
343875,2.0963837146548125,
343892,2.1039094454907605,
343971,2.0196060552071917,
344023,2.0667040522997655,
344122,2.1315135310954183,
344160,2.18378611106489,
344214,2.237960996631802,
344268,2.2638602587123113,
344402,2.169607299050091,
344449,2.149677088526961,
344620,1.8627656354762174,
344750,1.9553637622864053,
344836,1.9864332156582554,
344970,2.0944953961904744,
345209,2.0665795282731763,
345238,2.036043988625309,
345317,2.0303893394582566,
345411,1.9853802427938998,
345417,1.9858340957315255,
345437,1.9613790821264516,
345490,1.8828114376166534,
345504,1.915206493786705,
345530,1.902914836887634,
345563,1.9230544918334436,
345586,1.9542769841686785,
345643,1.9268799420032627,
345653,1.9186342879991987,
345675,1.936407614051628,
345756,1.989883221539972,
345840,2.032974915276254,
346019,2.179344591296187,
346033,2.175627474209633,
346064,2.190367625873626,
346093,2.1651032091155784,
346113,2.1844859489687694,
346183,2.215347060672089,
346264,2.152566299615065,
346283,2.127653400689115,
346347,2.107197961494584,
346413,2.1499663381153375,
346531,2.2000064401114336,
346537,2.17060709088603,
346557,2.1583426412164815,
346595,2.1800854674415673,
346599,2.2031192695690534,
346796,2.1678646593228246,
346861,2.0817435958603157,
346900,2.0415196516743404,
346913,2.0702493229090226,
347038,1.9940595216961423,
347083,2.08770085453938,
347256,2.134140400540753,
347324,2.1204050244415082,
347423,2.117980908324955,
347571,2.0481342000025946,
347605,2.0378814678665362,
347609,2.0354437482505343,
347625,2.058325288172416,
347933,2.182635200163946,
347950,2.18763806870642,
347978,2.245948076407387,
348037,2.3187755295844337,
348174,2.356472723310973,
348245,2.3743405984532573,
348251,2.381241894048505,
348302,2.36876590329311,
348304,2.3597902823602257,
348378,2.3520761922531714,
348460,2.4050182803462135,
348864,2.048168770029844,
348977,2.1263784840935855,
348986,2.076136403669254,
348987,2.055578871824403,
349132,2.0418971867483298,
349267,1.9514788608577236,
349294,1.9529551969321934,
349446,2.0114546939420483,
349594,2.0450993261794177,
349674,2.107234173466634,
349734,2.0941181738732384,
349813,2.1357426318017754,
349833,2.1435832011727816,
349894,2.1704833040875102,
349942,2.1048696178859085,
350000,,2.0646860786825654
350048,2.115579268920837,
350148,2.1364782645441553,
350398,2.0882869053531774,
350477,2.161125800763673,
350585,2.169297225331565,
350605,2.16883436378837,
350620,2.1816846738616804,
350818,2.131751118078306,
350858,2.163147502513941,
350908,2.0990101270536727,
350921,2.0620405866401503,
350957,2.073387513815407,
351033,2.037439637310199,
351045,2.067472870838183,
351217,2.119170101662428,
351380,2.0948359809503323,
351418,2.113120602198074,
351421,2.0722315065940893,
351565,1.9822142387540465,
351577,1.9412837825740843,
351618,1.896299336411744,
351636,1.8888246405428242,
351665,1.926177954922676,
351726,1.973216090429222,
351807,1.8884873740512296,
351964,1.9494659314732505,
352024,1.9435534986696499,
352157,1.9726042616320896,
352180,1.9521761279844967,
352372,1.778421169503329,
352524,1.8933180449449052,
352678,1.9717334271513656,
352703,2.0444610556312974,
352706,2.005583858375875,
352769,1.9529682299915576,
352800,2.011891037315154,
352821,2.001090318869838,
352943,1.943752125264605,
352948,1.9546390606322688,
352967,1.8945577196401515,
353024,1.8656482985208103,
353043,1.8570430158685727,
353055,1.8557220336128202,
353128,1.89457269364921,
353137,1.9147733018302455,
353223,1.9101349630789923,
353419,1.847178060460693,
353428,1.8670442813559234,
353454,1.8233556383852099,
353514,1.8726551097379536,
353546,1.8537701724107303,
353552,1.8207771022051449,
353642,1.8431772990978204,
353663,1.8578163001931116,
353743,1.8616406558689151,
353769,1.9046279691992947,
353810,1.84535278483537,
353849,1.835011632926287,
353888,1.9277936180714743,
353970,1.8381326498511785,
354027,1.9182852782770292,
354078,1.9351730919600916,
354088,1.9744682215828677,
354158,2.0226325829637375,
354273,2.016756188476228,
354347,2.1309564227437883,
354453,2.1283530637211725,
354501,2.0681782122557215,
354789,1.8268962568604024,
354913,1.8376754058260714,
354981,1.871001997491743,
354992,1.8886043294854684,
355012,1.8922890491139226,
355099,1.9644440472153422,
355102,1.9466195967636242,
355110,1.9869734490311262,
355121,2.002465033932369,
355163,1.9475885282021799,
355205,1.878113596574385,
355251,1.828391834742074,
355396,1.85934278215376,
355436,1.8310456887048991,
355510,1.8776230344169715,
355539,1.887776599041022,
355562,1.9180280227800564,
355606,1.8457878028494412,
355645,1.7840697162448003,
355709,1.6640533023948845,
355761,1.63949033888462,
355824,1.6328732966255717,
355863,1.7051285041340205,
355918,1.7699335723867131,
355973,1.815011204646303,
355987,1.8455843031114563,
355999,1.8744332741934486,
356013,1.8323981441363353,
356086,1.7623447629216193,
356204,1.9222182671804526,
356238,1.931070179278509,
356277,1.9546783128625236,
356432,2.1779914955869026,
356463,2.257875045787709,
356478,2.244664503924878,
356569,2.182278529404243,
356579,2.171951393780815,
356794,2.056394132627369,
356850,2.0503212304138594,
356881,2.039185361592945,
356892,2.032544154512542,
357006,2.1295392696179163,
357047,2.1648162856379374,
357089,2.210135638572564,
357104,2.2346694814393246,
357190,2.217338799734059,
357201,2.191427442002683,
357257,2.2108295922556707,
357338,2.207607964549182,
357370,2.1431238681249116,
357535,2.029369380193817,
357536,2.0118572407602984,
357595,2.0226810356659666,
357624,2.00642532522689,
357931,2.1124983446641763,
358037,2.19812809498734,
358060,2.2398113949582292,
358210,2.1390791930229964,
358275,2.1377777333563164,
358339,2.1584158880779674,
358341,2.1420246863700307,
358445,2.1342054996309385,
358450,2.141948601448415,
358525,2.1174998054458096,
358541,2.1083043564095276,
358555,2.079435903679594,
358600,2.0754993757825013,
358626,2.0527625569406456,
358896,2.12615056882378,
358957,2.1294913667859623,
359039,2.060441253745482,
359054,2.0265277984993633,
359059,2.0368169476038553,
359185,1.9918634136956377,
359195,1.9739888999955648,
359202,1.9827902489198874,
359279,2.0260506156619953,
359333,1.9975109984808719,
359387,1.9866365213977673,
359426,2.083049315047584,
359434,2.074351788783256,
359580,2.0255480960294316,
359619,1.994389560529487,
359663,2.03272889919063,
359712,2.0616948912978965,
359724,2.046950271312518,
359777,2.0362430304255903,
359803,1.9962623900698018,
359973,2.018438203119559,
360000,,1.9464471537756116
360159,2.0156965244328857,
360167,2.038304373938269,
360206,2.064452376775003,
360232,2.063495293066212,
360317,2.0600533737133033,
360342,2.088415326315996,
360449,2.141715248923805,
360690,2.225519994926854,
360744,2.239291728406894,
360785,2.172487695073805,
360815,2.213241538064046,
360870,2.12491003967068,
360916,2.1253506514338865,
360940,2.1018591968522604,
360961,2.090324605835983,
361196,2.08546793313732,
361257,2.100802453876713,
361296,2.026875236102722,
361663,2.132170252580048,
361732,2.0589796085364864,
361768,2.0946902291302205,
361839,2.0163040087086093,
362085,2.0541025049900052,
362169,2.15140051892635,
362187,2.165674704928331,
362310,2.270171867446465,
362325,2.294225991132385,
362625,2.364309018641915,
362686,2.3171049543762265,
362723,2.319664366480531,
362724,2.303843328079694,
362763,2.271247409971811,
362785,2.249236449694659,
362912,2.0706139940275734,
362919,2.039548006957657,
363016,2.0663842892972766,
363140,2.032308398448601,
363209,2.00981976592851,
363214,2.011759528665379,
363226,2.022085375629847,
363247,2.0168429254527402,
363350,2.052773871530151,
363415,2.0888618467155418,
363462,2.1310227399216517,
363511,2.1800649659472535,
363563,2.1079637087665404,
363981,2.1566051535660815,
363992,2.161571123086406,
364002,2.1771572392394343,
364047,2.166308291178302,
364056,2.1321103051419694,
364083,2.13539198653083,
364201,2.1365730395961084,
364445,2.112046923506599,
364521,2.154483940247692,
364764,2.241608516665439,
364798,2.1618228595207465,
364810,2.1518375671834873,
365012,2.1515884136566688,
365299,2.1489823183782604,
365358,2.110477944759786,
365456,2.0885104505043697,
365494,2.0734511366930817,
365531,2.051630276352764,
365571,2.027746507395293,
365617,1.9949015467724605,
365652,2.0460528771100708,
365674,2.0409047082821967,
365769,2.047617780370234,
365774,2.040701409936671,
365855,2.0853465069279116,
366148,2.117187610202331,
366207,2.1102852169522706,
366352,2.165421374853402,
366422,2.1879697162628324,
366434,2.137228696617152,
366449,2.1786573033539423,
366501,2.24649354348355,
366522,2.230017589544527,
366533,2.2254523957022827,
366550,2.203135529530281,
366594,2.1817253008928605,
366700,2.1400224800748666,
366789,2.0741908089108074,
366909,2.1100287631204653,
367065,2.119188136448564,
367090,2.121684226868691,
367190,2.1362427566702142,
367287,2.105211262139127,
367403,2.1567457576489755,
367533,2.1713894619696266,
367609,2.085905572456601,
367627,2.0501725347010473,
367638,2.018540439817911,
367644,2.0073535025145657,
367703,1.9850611280707346,
367806,2.0146745836538305,
367814,1.994187636727834,
367923,2.014947478642825,
367936,2.0628030754639473,
368279,2.2981931163742173,
368294,2.2676477975950506,
368345,2.2665792021957545,
368557,2.2269260242871733,
368798,2.2422270657257926,
368961,2.2651397475881585,
368967,2.2609462248842105,
368973,2.247214311756972,
369289,2.1860950934648944,
369304,2.1767647143008197,
369421,2.0874512017202833,
369436,2.0729929073945077,
369466,2.053711539276244,
369565,2.0430939343637413,
369875,2.0330225578620866,
369938,2.005848740122998,
370000,,2.0221956207879006
370001,2.0105543337444347,
370222,1.9885261686881808,
370233,1.9660888959921206,
370279,1.9513755198097826,
370391,1.9372497050221287,
370409,1.9552683962813475,
370414,1.9579586550199846,
370425,1.954242915792186,
370442,1.9421553672463452,
370929,2.2492347738874225,
371026,2.199401972859558,
371048,2.21293932911319,
371062,2.1842042685042693,
371077,2.189608801173451,
371169,2.2264190004010005,
371281,2.219954373159352,
371367,2.2089953221399843,
371387,2.1813096199465125,
371415,2.246986556997245,
371541,2.2398904226912557,
371549,2.2259829290966224,
371662,2.1978345531737387,
371689,2.1714759068223937,
371702,2.153921728125245,
371708,2.1494587045708937,
371725,2.1122140080615743,
371771,2.045108046149935,
371890,2.0024811589152396,
372026,2.036913506907063,
372236,2.153201325237925,
372241,2.162119623658585,
372403,2.0234504193570215,
372420,1.981978996395482,
372473,1.9921568961460165,
372741,2.0202905814827288,
372819,2.0868705876865725,
372916,2.1497312113283686,
373018,2.1981209135092463,
373094,2.2626675703010135,
373139,2.2597820454940147,
373155,2.21268173623021,
373165,2.2064312723440893,
373200,2.183074970259396,
