train/global_step,train/mean_reward,test/mean_reward
5,-0.5884169906662524,
77,-0.43957715644056977,
142,-0.5119231934608135,
201,-0.4974049178634473,
254,-0.4854446332173767,
311,-0.48770891296803465,
379,-0.48545992406303684,
565,-0.44303783479571984,
566,-0.43809795557475495,
570,-0.428041257966652,
587,-0.4256273051105643,
659,-0.4317807244968258,
1054,-0.4382220045306493,
1109,-0.43155094485260903,
1139,-0.4490738565702845,
1145,-0.4405589691836013,
1184,-0.43767241118786393,
1247,-0.4157157037929952,
1268,-0.40953611403606127,
1358,-0.445940994141548,
1446,-0.4147027517578487,
1480,-0.4268884578646189,
1623,-0.4048212989184931,
1670,-0.40526619445216555,
1710,-0.38319370108111384,
2000,-0.4341527187923854,
2044,-0.44201005876737653,
2180,-0.4548610642189269,
2206,-0.46331604715718805,
2235,-0.4585722288893145,
2300,-0.4692747028426291,
2375,-0.4785427011004931,
2426,-0.48335365123930657,
2438,-0.47693361744358875,
2582,-0.49811652172807186,
2684,-0.4676571578385949,
2717,-0.4660587469890819,
2876,-0.48404901617827956,
2924,-0.46731943840363016,
3030,-0.5015985694197961,
3264,-0.344888272821917,
3448,-0.2787414004378399,
3551,-0.3105811823476391,
3628,-0.3071957343372316,
3685,-0.28809083801279356,
3697,-0.28512246910591266,
3716,-0.27800071776168084,
3782,-0.25673355235163564,
3889,-0.2249835113769069,
3950,-0.21413509302532624,
3978,-0.2143312304919867,
4035,-0.23990394756826522,
4098,-0.2307503136746062,
4163,-0.2601146332910741,
4429,-0.32535306602156255,
4471,-0.3396301015398706,
4553,-0.3542316015168033,
4667,-0.3734403816981349,
4691,-0.3856151347468726,
4692,-0.38204271048736144,
4730,-0.3871147936778969,
4840,-0.3846641857880073,
4843,-0.37219984092409253,
4891,-0.36743954192006206,
4980,-0.3123160834356085,
5009,-0.3074383626387809,
5049,-0.29285314465845336,
5071,-0.27867870623662117,
5163,-0.28646914293537745,
5348,-0.3044886981153183,
5413,-0.345481502622574,
5493,-0.35287240104733797,
5506,-0.3454525552194625,
5522,-0.3561458650221699,
5585,-0.35464075169192183,
5636,-0.3941731819887723,
5678,-0.39128913879919325,
5711,-0.3662946317622157,
5726,-0.36669413323729944,
5816,-0.3700788270325351,
5826,-0.369314287895142,
5928,-0.34519649930661733,
5978,-0.38611307035912434,
6074,-0.4093515862891594,
6141,-0.41740386354136993,
6179,-0.4249090873854013,
6203,-0.4245679663351369,
6223,-0.433362081093597,
6229,-0.42957557987610684,
6405,-0.4392223391550709,
6468,-0.42926182334245305,
6471,-0.4266429612129734,
6511,-0.4029807070154496,
6535,-0.4027080788441182,
6546,-0.40481337125537814,
6604,-0.40616285042515154,
6638,-0.4042988887023409,
6644,-0.39245417992526127,
6669,-0.3879414226306904,
6784,-0.34182164296272305,
6790,-0.34460254558290165,
7098,-0.4335896607846334,
7206,-0.3550358553714183,
7506,-0.34354175818645544,
7718,-0.3846540823317077,
7806,-0.37879003746738055,
7829,-0.3903081799641761,
7970,-0.40940944516547434,
7997,-0.4135187685348465,
8002,-0.41423057941034847,
8014,-0.4038413737107868,
8129,-0.32932010993286404,
8157,-0.28037282738126657,
8208,-0.25946706801126745,
8268,-0.26677984985850306,
8408,-0.273063871284147,
8457,-0.2856671372980903,
8500,-0.2861817718760967,
8517,-0.2873090670394323,
8606,-0.29119548818929614,
8677,-0.30147894322753455,
8697,-0.32428866387132904,
8712,-0.3314470536127289,
8789,-0.37432425130625346,
8800,-0.3770906608380863,
8806,-0.3756273393040761,
9019,-0.40964738760005726,
9181,-0.35131369144275054,
9201,-0.34958076852801123,
9228,-0.3354015836645647,
9278,-0.3275548922430401,
9304,-0.31820638310838306,
9340,-0.3263843233232798,
9361,-0.322275649086716,
9438,-0.3096294112804291,
9506,-0.30225147044725137,
9643,-0.294059798780658,
9697,-0.30073857920897423,
9773,-0.32137176987889254,
10000,,-0.3975031302967916
10117,-0.31634755833657674,
10149,-0.2980623744959046,
10227,-0.29278347563766277,
10262,-0.30236332267522154,
10277,-0.3032303056983298,
10344,-0.2940040545851134,
10400,-0.30006281962069237,
10506,-0.290781834431814,
10516,-0.30041345527568675,
10537,-0.2998444088049678,
10574,-0.3201953680056841,
10638,-0.3127705312472968,
10715,-0.32354885694868124,
10728,-0.3238696633980226,
10802,-0.30883508707342594,
10923,-0.28795978064492866,
10964,-0.2689772520138771,
10985,-0.26685788885164463,
11062,-0.27887730704380254,
11096,-0.28319951559913903,
11107,-0.2926575337329467,
11261,-0.34641882793414147,
11456,-0.4356808750113597,
11471,-0.45351002568147486,
11500,-0.4575586575046249,
11505,-0.46186202332276827,
11527,-0.4709077437598528,
11707,-0.5198916706480745,
11793,-0.5373391519432862,
11956,-0.5954764600199096,
12073,-0.6113395452079412,
12196,-0.5736174915162465,
12201,-0.5715105309012402,
12273,-0.5215416972487444,
12286,-0.5115136631574169,
12390,-0.45689324402497133,
12519,-0.43336038650747133,
12628,-0.38711758237966865,
12633,-0.38997698575730055,
12651,-0.3730356241566251,
12655,-0.3673853700031917,
12731,-0.3468677707584704,
12777,-0.29281895548029846,
12799,-0.26958200854985126,
12915,-0.22566822268556527,
12996,-0.24012228805851246,
13063,-0.25547094292783196,
13092,-0.26710388809878816,
13185,-0.28118458135075686,
13272,-0.26493877790258535,
13275,-0.2723604918517284,
13293,-0.26067242941118257,
13420,-0.2538612247902286,
13634,-0.2640291608268948,
13743,-0.3042926577175597,
13881,-0.27634299626992936,
13917,-0.3069676368432463,
13946,-0.32091912314164456,
13961,-0.3205317979024114,
14011,-0.3102053640985606,
14081,-0.2933288664986188,
14093,-0.29705163205264123,
14187,-0.29563382340758904,
14218,-0.2657884437924515,
14245,-0.2660244091441594,
14257,-0.24927003309990448,
14335,-0.2542619580542587,
14386,-0.26437893510667276,
14416,-0.26986088529481783,
14519,-0.31386712479790196,
14665,-0.26675224677757886,
14790,-0.23118152001474532,
14872,-0.2305164505660832,
14918,-0.2255393530558456,
14964,-0.23256446712324247,
15002,-0.24805847703380152,
15046,-0.2696483279363228,
15058,-0.26016994257400083,
15094,-0.25804057622992993,
15207,-0.29905882861651933,
15437,-0.3025463639159172,
15561,-0.2953502033372442,
15563,-0.2915026340784593,
15724,-0.2959761491556216,
15743,-0.29614187172118284,
15764,-0.2876807288833117,
15936,-0.2979941474049651,
15974,-0.3085856546150851,
16057,-0.32260109689901567,
16138,-0.3413632532338451,
16143,-0.34671813735224094,
16203,-0.33926688768169994,
16277,-0.3243461137667545,
16584,-0.31404833534971366,
16589,-0.3146787156696019,
16698,-0.3344725818350364,
16739,-0.3260763667820374,
16749,-0.33222155024567285,
16780,-0.33308586500633913,
16789,-0.3318581585805167,
16840,-0.31471305749194545,
16908,-0.30465593455038487,
16914,-0.29705903815354806,
16948,-0.2868654744679184,
17119,-0.2840942192308908,
17124,-0.2843753488124454,
17211,-0.31348124038942493,
17303,-0.2974999593034822,
17383,-0.32769863014072603,
17490,-0.2771486760996353,
17653,-0.2823391270251165,
17669,-0.2721754836385327,
17678,-0.26183747890952325,
17712,-0.2806209721571522,
17715,-0.27861512688255874,
17717,-0.284648001779487,
17779,-0.31778435969689306,
17934,-0.35179408238769644,
17944,-0.3481686857823152,
17977,-0.3336770961529895,
17979,-0.3260889864054342,
18069,-0.3307529617023572,
18141,-0.31580308925786477,
18161,-0.3179060548384067,
18167,-0.30856305387977623,
18272,-0.26584626351424007,
18274,-0.2641214358213291,
18317,-0.2803154210649766,
18382,-0.27069617951219976,
18612,-0.283937265059239,
18614,-0.2836110630175936,
18634,-0.27452255938737846,
18708,-0.26673636419991353,
18886,-0.24594810376917528,
18956,-0.22287977479787296,
18977,-0.22848977454563824,
19020,-0.24292344708209598,
19130,-0.22688821419549562,
19240,-0.2329962865592402,
19324,-0.2490520666318696,
19396,-0.2503147918599342,
19413,-0.24201143142891396,
19482,-0.2670020081443541,
19494,-0.2680025365067452,
19496,-0.26160079332755365,
19530,-0.258083623876088,
19535,-0.2614982750047416,
19698,-0.25925950708724466,
19791,-0.2885605047537751,
19953,-0.2899098992305111,
19970,-0.2786067881192529,
20000,,-0.2941821781723456
20005,-0.2942413382522551,
20057,-0.2896644631956393,
20154,-0.3009061547838101,
20159,-0.3024659245452288,
20214,-0.2945160844960394,
20282,-0.3073131237043531,
20393,-0.3213728777910248,
20591,-0.30504055984575607,
20837,-0.2782187635231319,
20856,-0.2758041938827887,
20918,-0.2751756140700319,
20924,-0.2854013604263473,
21001,-0.2858070245201739,
21138,-0.29031825244351367,
21201,-0.2974089542806191,
21234,-0.29501120612728254,
21235,-0.29444992587463703,
21240,-0.29179467464579784,
21297,-0.29879312243716966,
21313,-0.2989613871017196,
21409,-0.3437907210146482,
21556,-0.3400343714049856,
21649,-0.3460726603845138,
21685,-0.33654470038891016,
21703,-0.32943067035404605,
21905,-0.29678693817565177,
21943,-0.3062443277463285,
22015,-0.3155374764512041,
22027,-0.30168293961173853,
22148,-0.28799869653303617,
22224,-0.29595520363698397,
22382,-0.3012291166006513,
22539,-0.27423962409684144,
22544,-0.27338690782571134,
22588,-0.29039395196607304,
22693,-0.2855982324969502,
22694,-0.27981866558980906,
22989,-0.2888048251127472,
23055,-0.31584308375329784,
23068,-0.30259309766924686,
23134,-0.2623271839068924,
23183,-0.26414703039917226,
23188,-0.26302858467163304,
23255,-0.26220459077170993,
23340,-0.23447543871740797,
23344,-0.23185484265125622,
23360,-0.23392645852915966,
23399,-0.2063973426986025,
23554,-0.24614296503650196,
23639,-0.2576642201440519,
23678,-0.2458132797408128,
23697,-0.2532334433561041,
23842,-0.25935030664460823,
23857,-0.24573593215184503,
23871,-0.2418879916521688,
24102,-0.27399669386332826,
24127,-0.26412011391984697,
24256,-0.2486909003250473,
24285,-0.2329630856145937,
24408,-0.23337465395758472,
24458,-0.25814749115931646,
24473,-0.2555553290953398,
24557,-0.22584053244167435,
24580,-0.22473114996207819,
24596,-0.2180257479110379,
24618,-0.21898135546380754,
24841,-0.21747377666288487,
24884,-0.215767536840665,
24982,-0.24668856151330726,
25069,-0.2662999136511499,
25074,-0.26535265527382257,
25105,-0.2622823575996207,
25165,-0.2597062885025568,
25266,-0.27187681197608987,
25306,-0.2815440421230085,
25393,-0.268371380877888,
25406,-0.2778121696329602,
25692,-0.29560375088981344,
25772,-0.3027083283167163,
25838,-0.30123126420579,
25855,-0.29522385143985547,
25944,-0.3101068347908808,
26053,-0.31710923341602376,
26206,-0.28654737515224843,
26393,-0.2285534190598284,
26457,-0.2307000488214613,
26469,-0.23200555023846536,
26502,-0.22954278948971968,
26542,-0.23118955775927155,
26669,-0.24770865473882941,
26690,-0.24119440258085334,
26712,-0.236345933895166,
26774,-0.26355499934977544,
26818,-0.25692559670103476,
26990,-0.2873125395740021,
27035,-0.27214970798400284,
27037,-0.2660706610876468,
27170,-0.22373728555823147,
27265,-0.21057697510392961,
27352,-0.1989865629654176,
27364,-0.20783295305974203,
27399,-0.2117043521331407,
27451,-0.22021449535851237,
27458,-0.22356447137596877,
27474,-0.22746439313546352,
27572,-0.2547499975108928,
27704,-0.2557766178562941,
27709,-0.25052803910367466,
27758,-0.26734237669153055,
27777,-0.27281058194403796,
28004,-0.23011882073405732,
28106,-0.19592872603529582,
28165,-0.21329176522469834,
28204,-0.21793463379617953,
28210,-0.22797558660531092,
28212,-0.23123156833075373,
28259,-0.22978081402295797,
28293,-0.22076869952754077,
28379,-0.21260357332054305,
28524,-0.26686068127756807,
28761,-0.23970676352764161,
28777,-0.23655991028378337,
28896,-0.2295455329561383,
28923,-0.23894553748435038,
29016,-0.2604880775570507,
29020,-0.26774264463363795,
29148,-0.25565013447921,
29352,-0.29265721244160015,
29362,-0.2975154673149877,
29436,-0.3071817093692694,
29458,-0.3175568004958107,
29489,-0.31051637013275707,
29510,-0.32770523035918636,
29772,-0.3524181890638863,
29790,-0.3536537917109223,
29816,-0.35081403282315354,
29908,-0.3441000965668792,
29944,-0.3258812641250524,
29966,-0.31928517346194146,
29998,-0.33416972138239054,
30000,,-0.3974626398211918
30003,-0.33157383791806466,
30076,-0.32669955119551014,
30088,-0.32795523996442055,
30158,-0.313385405021003,
30302,-0.27269407709817195,
30312,-0.27730682653240984,
30392,-0.21786937734652118,
30412,-0.2066365043301119,
30425,-0.21169895369610262,
30524,-0.20670524683231398,
30611,-0.2009799831196367,
30703,-0.2159567414649321,
30710,-0.21291690521321724,
30808,-0.21527730886819074,
30841,-0.226848958083388,
30847,-0.2297807530670736,
30874,-0.22882552328094674,
31058,-0.2599856508649942,
31085,-0.2357562767958256,
31117,-0.22842085380969926,
31141,-0.2359520439705609,
31232,-0.22331239690075422,
31293,-0.20979526756291328,
31462,-0.25577314127408196,
31486,-0.24695450927122053,
31504,-0.24489191923136364,
31533,-0.26815074069422495,
31551,-0.2806741100009454,
31574,-0.27720950225819785,
31584,-0.2883580572079131,
31618,-0.2986719490918298,
31695,-0.31646034598004313,
31731,-0.3270233436797052,
31810,-0.27196496060543374,
31841,-0.27833447815896917,
31885,-0.28112785674332036,
31912,-0.2690142580766596,
31968,-0.27125821871394534,
31973,-0.2603786454673379,
32058,-0.24769878670436757,
32181,-0.28213942931871805,
32197,-0.2900180073290959,
32237,-0.302604356149393,
32288,-0.309810859395647,
32303,-0.31509246466634605,
32378,-0.354542415860562,
32445,-0.38871314714983507,
32446,-0.38439111425913003,
32450,-0.3824189510692592,
32480,-0.4078558317285746,
32538,-0.4127899191983085,
32588,-0.39932326028244164,
32627,-0.4010254920234741,
32791,-0.33525414677791654,
32862,-0.29791160644692605,
32901,-0.28196528091921036,
32906,-0.28297767795010514,
32932,-0.2633729969235567,
33057,-0.2531959460179123,
33096,-0.2407320579982764,
33129,-0.22975251267593685,
33176,-0.2384182746107108,
33430,-0.2527948540596718,
33447,-0.24381006003442118,
33452,-0.24423459091444272,
33486,-0.2286271009872184,
33582,-0.2467334091931967,
33617,-0.2800334439177232,
33646,-0.28293299640897823,
33719,-0.31143195860707445,
33810,-0.36096554571580336,
33841,-0.3751333430132735,
33909,-0.3925139106220083,
33956,-0.38321478358556776,
33978,-0.3852848789958033,
34011,-0.3730436080653235,
34046,-0.36309874108001194,
34155,-0.3282471446370802,
34399,-0.24143788201615415,
34405,-0.24678271312445207,
34419,-0.24112110662892466,
34463,-0.24482360847344706,
34481,-0.24320038457066867,
34484,-0.24787692100331374,
34550,-0.2651551022004308,
34608,-0.26481325520621063,
34610,-0.26282858181011265,
34730,-0.27717049110293585,
34836,-0.2801230098649739,
34987,-0.2516018020169002,
35036,-0.2684846881316221,
35100,-0.29944810426869706,
35163,-0.3169458454893904,
35175,-0.3101321881140433,
35259,-0.3187690927136764,
35307,-0.3286997073746648,
35388,-0.31505135761524966,
35393,-0.31561481002750846,
35423,-0.3195570392774042,
35432,-0.3142753041996558,
35513,-0.2803608716656559,
35567,-0.3076129856937157,
35676,-0.26320363094692456,
35785,-0.2422973687517923,
35819,-0.22858780866769915,
35841,-0.21730702992667023,
35859,-0.2292345334852473,
35935,-0.21018629446285875,
36048,-0.24343161448118966,
36118,-0.2417120512415957,
36133,-0.25402203959244063,
36219,-0.2763330959686319,
36262,-0.2735030769445434,
36353,-0.29936849253087316,
36455,-0.32768211705148326,
36472,-0.32754712176828027,
36482,-0.3379935504971804,
36487,-0.33947789183096894,
36614,-0.390645499655121,
36701,-0.4316366565726788,
36760,-0.4314864741878183,
36770,-0.4301447241590498,
37050,-0.3594700208113993,
37121,-0.3301828157723402,
37139,-0.3343020762710775,
37278,-0.3290583126530903,
37283,-0.3246295106628008,
37428,-0.3022084137387906,
37517,-0.2766378180638493,
37584,-0.27273725972331775,
37674,-0.26648410762955144,
37789,-0.25278200391244215,
37975,-0.2690415876977233,
38002,-0.2727460981353386,
38098,-0.3052531923806313,
38202,-0.309817814215798,
38218,-0.31033296206344435,
38265,-0.30656962327617654,
38273,-0.3093569726644483,
38296,-0.30937704620753664,
38374,-0.29201610641183984,
38389,-0.29776079567554437,
38446,-0.2952266194880002,
38508,-0.26302092253200804,
38536,-0.2483447392026891,
38751,-0.22987152643580597,
38915,-0.2425886393809523,
38955,-0.24618976151994557,
39037,-0.2508990319216464,
39358,-0.28054459152567157,
39431,-0.28727067851382243,
39471,-0.2880480493521137,
39539,-0.29302946563441523,
39635,-0.3261105959165477,
39650,-0.3266127922109273,
40000,,-0.30009383214768076
40064,-0.28284119264738533,
40080,-0.2760519754507387,
40089,-0.27512844348677434,
40113,-0.27494677737330586,
40259,-0.2756588337512032,
40271,-0.2717185508036642,
40305,-0.28156551447566086,
40374,-0.28306054809676157,
40379,-0.2955719076128517,
40390,-0.2907250745506657,
40467,-0.30600002644099106,
40531,-0.3105025817594446,
40554,-0.3025242933940081,
40637,-0.305331642980614,
40683,-0.3134696115562143,
40706,-0.3191904994193226,
40709,-0.3165414618831429,
40817,-0.3031576837801243,
40974,-0.29548024491768904,
41026,-0.28147922827486666,
41041,-0.28680004797227776,
41208,-0.266742816733458,
41219,-0.2583115988905311,
41235,-0.25499195374160516,
41288,-0.25479286365373166,
41336,-0.2554128303667195,
41413,-0.2712421121378888,
41448,-0.26427614531935256,
41450,-0.2632493772887823,
41455,-0.26936023176322693,
41494,-0.27484312833916213,
41515,-0.26141230235527685,
41548,-0.2822984038473238,
41766,-0.2909398154611412,
41776,-0.2891270906551867,
41800,-0.28054664957251324,
41919,-0.2620107161446942,
41995,-0.2814318460238454,
42132,-0.29803084862285706,
42274,-0.35357821423172875,
42303,-0.33541498820136373,
42406,-0.32358627946405355,
42499,-0.29853029235847167,
42532,-0.2923215429336494,
42562,-0.2822198474809945,
42613,-0.27668116505946566,
42724,-0.25132501939252433,
42744,-0.2487185767233035,
42750,-0.24868678456814838,
42756,-0.24975935517536996,
42776,-0.25500194642501084,
42799,-0.2699055635979713,
42864,-0.26594545150465965,
42871,-0.25746610209127163,
42893,-0.26855764029852874,
42989,-0.30028055819567856,
43023,-0.2791264446292585,
43111,-0.2924749167859381,
43339,-0.335351846182843,
43457,-0.32393702971616994,
43604,-0.27949191867617496,
43669,-0.2683430375516123,
43676,-0.2656718553657915,
43725,-0.26354056428332406,
43892,-0.3065909559680171,
43937,-0.31324945298195234,
44013,-0.3058048962033017,
44048,-0.30128964101179545,
44056,-0.2994940583958051,
44103,-0.29804131346646956,
44178,-0.26904665164835945,
44184,-0.2692609396851534,
44213,-0.2469281111133212,
44327,-0.2400857040973042,
44332,-0.2446779494228549,
44350,-0.2571723649285298,
44353,-0.2583570764703415,
44546,-0.2881730741250891,
44645,-0.3084025402990156,
44694,-0.3137680161116576,
44730,-0.31009391302242173,
44769,-0.2818081930101925,
44858,-0.2832255003891035,
44865,-0.28351068171317256,
44868,-0.2867713785009867,
44878,-0.2841716377571136,
44930,-0.2723018708108302,
44932,-0.27516812359615467,
45077,-0.25599419075289864,
45087,-0.25680445398453355,
45146,-0.2613628823630369,
45231,-0.2689902990177885,
45285,-0.26618021494375965,
45347,-0.2776035709182792,
45351,-0.2742780088924747,
45420,-0.3074498579837611,
45504,-0.344444011595264,
45525,-0.35152065246065056,
45539,-0.35238036973034725,
45553,-0.361042324041053,
45563,-0.3687495116667614,
45640,-0.3849982151104679,
45726,-0.4190585123371959,
45746,-0.42846116731013767,
45872,-0.4043875745053841,
45946,-0.40859524422343213,
46020,-0.38870562626253985,
46040,-0.38643932770078004,
46221,-0.30829860377478374,
46267,-0.29145590127550136,
46343,-0.2836318999541133,
46361,-0.2819833310704853,
46430,-0.26859606757070437,
46472,-0.26842574755813536,
46512,-0.2752656814615689,
46537,-0.28128823249151125,
46562,-0.2892462372030485,
46798,-0.28261829945508543,
46830,-0.29234339170736034,
46857,-0.29480018022088594,
46957,-0.32401383774482184,
47070,-0.32726818171639943,
47089,-0.33254450154067394,
47251,-0.32742753395525637,
47296,-0.3038136216699722,
47388,-0.25288709717999075,
47451,-0.2504374625444944,
47518,-0.24155731231177135,
47551,-0.2413418461517031,
47601,-0.25632966140064894,
47619,-0.26578474751653597,
47656,-0.27425182275439136,
47664,-0.27949126411068775,
47709,-0.28294252353868143,
47722,-0.2905978476020346,
47740,-0.2939741748022113,
47850,-0.29894498594381025,
47893,-0.29479801971889913,
47901,-0.2938694365880853,
47931,-0.29384894839104186,
47950,-0.3053965528529641,
47955,-0.3043078880453656,
48060,-0.3134215046087691,
48137,-0.32872520753077766,
48151,-0.3399501687244074,
48163,-0.3477369739608028,
48236,-0.3602226733023218,
48356,-0.3988426316272397,
48412,-0.4029523187673587,
48466,-0.39903024505502244,
48542,-0.37528075699617797,
48543,-0.36968707377509474,
48683,-0.32356467615650397,
48802,-0.2854876620664966,
48833,-0.28031365438403555,
48873,-0.26192381214189636,
48897,-0.2611518607925343,
48982,-0.273434286927683,
49082,-0.3018877182211687,
49102,-0.29098268274030437,
49183,-0.2877267424454148,
49216,-0.29899049645018816,
49251,-0.3026899792260347,
49398,-0.27591937988621745,
49497,-0.2720760765155675,
49761,-0.29719606534779675,
49767,-0.28629542831038823,
49773,-0.29239578045038767,
49796,-0.28952864688229435,
49812,-0.2951630321523725,
49839,-0.2892049388672,
49876,-0.2770076493030679,
49902,-0.27695190030513783,
49951,-0.28591052256704935,
49982,-0.2759667737882691,
50000,,-0.3615251216955692
50003,-0.2678756443007795,
50238,-0.3782772049800948,
50240,-0.3821108876122892,
50276,-0.3850285391428316,
50414,-0.38529823815791103,
50496,-0.3848353452048447,
50518,-0.36611149242757285,
50579,-0.376090508886184,
50596,-0.38846493838846735,
50656,-0.3986950801683447,
50678,-0.4097845989800971,
50682,-0.4128706921303927,
50708,-0.39996884150569206,
50722,-0.3962601411382941,
50778,-0.40492697717051046,
50821,-0.41362718015151856,
50835,-0.40567286248151185,
50854,-0.3788195446881216,
50866,-0.38116916517538124,
50872,-0.394215499154862,
50940,-0.3855993825809202,
51026,-0.3121339790241815,
51064,-0.30887062187892217,
51069,-0.309535053181619,
51099,-0.3011364289289479,
51154,-0.2750539487604183,
51240,-0.2366775737898518,
51396,-0.24908510490845873,
51419,-0.266813453912787,
51433,-0.2623188449514893,
51451,-0.2635500599649559,
51521,-0.25143856608834175,
51675,-0.30302583879610334,
51880,-0.2704144512674161,
51920,-0.2748686852390742,
52194,-0.2560866159743291,
52342,-0.26075978437749786,
52346,-0.251336509297916,
52431,-0.22628964626169412,
52483,-0.22214463441072366,
52671,-0.243569501524428,
52796,-0.27739530480202224,
52841,-0.28185593347428667,
52859,-0.2871366672816247,
52904,-0.30833053065162636,
52964,-0.313169836148687,
52977,-0.31763365508193553,
52988,-0.31573137651043953,
53142,-0.2913650674554547,
53227,-0.24821020111603279,
53353,-0.2627089222975615,
53398,-0.26222307652153953,
53429,-0.2584284594433315,
53571,-0.2907276080152863,
53573,-0.2910281188715969,
53754,-0.2830611140488446,
53787,-0.29083600373318913,
53827,-0.30218644351021223,
53865,-0.31152611685578885,
53893,-0.2917223470378996,
53934,-0.3088825747282741,
53983,-0.34031208525292994,
53996,-0.3389720978750132,
54063,-0.29192697477249063,
54068,-0.2936872318603525,
54082,-0.28926177578853446,
54119,-0.2576061483673554,
54127,-0.2574475065742646,
54160,-0.2649769077859547,
54309,-0.24289413716987066,
54416,-0.2711306793595021,
54431,-0.2726823213291867,
54447,-0.28180705248884946,
54512,-0.285324713549723,
54734,-0.2638368706190492,
54853,-0.23421993244399367,
54900,-0.21913701862881815,
54955,-0.22868622816273404,
55088,-0.2273932409070101,
55095,-0.22554635921739763,
55261,-0.24702323909132118,
55274,-0.24938212991478362,
55285,-0.25125568562531686,
55330,-0.2509089645212353,
55411,-0.26789689495805286,
55425,-0.2705883268684408,
55545,-0.28433426545445806,
55628,-0.29932762558207704,
55697,-0.2973083471420697,
55738,-0.3027994885561697,
55917,-0.30953755643238084,
55980,-0.3283328882945883,
56041,-0.30247350378826954,
56060,-0.29843653102130774,
56115,-0.30529456106159725,
56225,-0.3040687434427498,
56325,-0.3018726927230069,
56414,-0.3132956424684778,
56604,-0.30001868279085775,
56694,-0.2851497169179332,
56793,-0.28150344917997683,
56819,-0.2866413841716118,
56882,-0.3031083896638734,
56922,-0.2696368692167848,
56927,-0.2766386782265378,
56994,-0.2861144009835015,
57272,-0.29516937936398924,
57294,-0.30482781033632467,
57413,-0.2921666786379217,
57443,-0.3058563305212708,
57444,-0.3030196013014476,
57481,-0.3073530807091139,
57522,-0.31492986470345424,
57768,-0.31783722552541144,
57857,-0.29092112792003366,
58155,-0.3242145027771172,
58196,-0.33455938165822474,
58228,-0.341686876615196,
58237,-0.3449550276815876,
58256,-0.35398420372559747,
58291,-0.3276720375830622,
58308,-0.3085630708837379,
58364,-0.3030731760758998,
58528,-0.2839163181047747,
58644,-0.30760989644045295,
58743,-0.3454874252679398,
58748,-0.34566722405368494,
58854,-0.3557555072796852,
58999,-0.29026617066566507,
59021,-0.289456681092574,
59031,-0.27989342609081763,
59163,-0.24276692978181377,
59192,-0.24324072167047106,
59275,-0.24109558478939624,
59305,-0.24761795276812865,
59315,-0.24502754452694653,
59727,-0.3132250167484176,
59848,-0.3249588293626826,
60000,,-0.295916009755857
60035,-0.3238393729059383,
60083,-0.3468878821194126,
60095,-0.3512717473133924,
60162,-0.32340104603090725,
60283,-0.32987989159729736,
60385,-0.3529300997537435,
60506,-0.30662581092848223,
60551,-0.3098407717841027,
60909,-0.24425673093135306,
61059,-0.2895781821750327,
61188,-0.27210732328416987,
61413,-0.2332469441673332,
61423,-0.2272466302871995,
61426,-0.23263115068057721,
61436,-0.24011060697574876,
61444,-0.2471445063320767,
61455,-0.23764233155276102,
61553,-0.26066961576255354,
61591,-0.2417271519109179,
61726,-0.21478358325949265,
61739,-0.20677330244769052,
61753,-0.1972349188645298,
61767,-0.1934983000158517,
61898,-0.210710324243976,
61930,-0.22198846274875192,
61962,-0.22182288163210273,
62034,-0.2523329555290288,
62035,-0.25255326898012365,
62176,-0.2783892765962159,
62243,-0.28969463213724395,
62314,-0.28544955895017243,
62347,-0.2952446504218365,
62483,-0.26824127945375265,
62550,-0.2786462409580905,
62643,-0.2419085215899443,
62728,-0.24326430591217998,
62747,-0.24604885219753808,
62873,-0.26402935498072955,
62924,-0.2832971328000527,
62982,-0.31276963031806465,
63041,-0.3462772262191864,
63172,-0.3663536997684775,
63311,-0.3429914578114839,
63355,-0.3536876026322473,
63553,-0.32305228575527833,
63601,-0.3079881976582731,
63626,-0.32251203061890144,
63631,-0.32468781962245563,
63773,-0.2834578976477845,
63890,-0.287930935143234,
64021,-0.268607174898255,
64051,-0.2612560468741711,
64156,-0.2672099245684757,
64158,-0.25855210922270866,
64187,-0.24847462502555973,
64208,-0.2363123566302736,
64225,-0.23011403594805072,
64234,-0.22354571657900105,
64254,-0.22528452375434313,
64294,-0.18621651148693147,
64377,-0.2082977648890423,
64408,-0.19252318059075763,
64497,-0.2143126704885715,
64523,-0.22179881374197688,
64597,-0.22550926911063815,
64648,-0.23749470226596045,
64675,-0.23688338274453521,
64869,-0.18920376514635173,
64913,-0.19545352483621198,
64945,-0.20561802471058846,
65001,-0.2141430657585425,
65046,-0.22088845469946225,
65088,-0.25479449166180496,
65216,-0.3195612637674283,
65226,-0.3272487671640324,
65355,-0.3165579026238652,
65560,-0.3479134181608972,
65592,-0.32627463706147397,
65613,-0.32682697403914246,
65688,-0.2914687375658328,
65733,-0.30619885446357037,
65744,-0.3072325866661598,
65763,-0.2953515275940596,
65853,-0.2957676865293423,
65889,-0.2915565250069815,
66054,-0.2867806966746324,
66084,-0.2840170113270197,
66179,-0.29053612611394247,
66239,-0.2820928183160497,
66244,-0.2812518028608526,
66293,-0.26124280863894234,
66449,-0.3008790200839049,
66458,-0.2904990322269065,
66495,-0.2875147343165174,
66504,-0.2854997094057616,
66554,-0.29011378690894074,
66638,-0.3114293517415355,
66799,-0.2933206377556063,
66883,-0.32827488629491675,
66898,-0.3219324596140892,
67034,-0.35506098333380526,
67145,-0.3890262847123926,
67169,-0.41802590281377283,
67272,-0.41373095001873605,
67384,-0.39472167360329297,
67598,-0.3599835682587844,
67612,-0.3505759234346335,
67683,-0.34255695414459203,
67729,-0.3385375671989494,
67841,-0.32838952497674634,
67918,-0.2903932960603788,
68110,-0.3097323536643333,
68176,-0.3077811047587481,
68211,-0.303187592213649,
68246,-0.3187689526100719,
68373,-0.3707534071247053,
68398,-0.3675248001512375,
68431,-0.3284262487557995,
68454,-0.30806254227055246,
68528,-0.28655616563447023,
68534,-0.28089572021603787,
68564,-0.2849701149475104,
68634,-0.23065267196768932,
68845,-0.19125300714943141,
68934,-0.1936413697881129,
68935,-0.19702749051676738,
69027,-0.22049274118801393,
69080,-0.2074459164530483,
69162,-0.2304173584095654,
69165,-0.22691085015446652,
69209,-0.21723786390730296,
69380,-0.18148391996009813,
69401,-0.17346491952516552,
69498,-0.17643522922377472,
69507,-0.17501740581554795,
69596,-0.18938630746430907,
69604,-0.19686588026326313,
69664,-0.19995535924946822,
69712,-0.22216103731530737,
69717,-0.22535083854086577,
69745,-0.23720977942126953,
69758,-0.2357455970738765,
69971,-0.26568483747248406,
70000,,-0.21036020559247592
70014,-0.26099791107600107,
70036,-0.23781564008951073,
70106,-0.24469816364558172,
70205,-0.2499318841777314,
70339,-0.2510427689857233,
70551,-0.2728380905563507,
70570,-0.28407472350398444,
70574,-0.2864811932029497,
70577,-0.2792300059391057,
70592,-0.28544298532769324,
70750,-0.285068243399685,
70767,-0.2708875874968445,
70821,-0.21918593521541077,
70899,-0.2484320258923776,
70919,-0.24711844052959386,
70956,-0.22025747905325463,
71083,-0.24699794706533504,
71123,-0.26239889143110073,
71198,-0.28068624702594014,
71216,-0.26538549565715697,
71267,-0.2768753238057557,
71400,-0.26624386457142474,
71460,-0.26991471030450304,
71574,-0.24381911916257087,
71720,-0.23331593888263108,
71841,-0.26740832960150723,
71871,-0.27672838934907207,
71873,-0.27823518364462996,
71943,-0.30735335703585315,
71966,-0.31554558035818153,
71980,-0.31276319063909275,
72092,-0.3174802352156002,
72125,-0.3341286495719533,
72171,-0.33951930277289266,
72374,-0.27916514748105525,
72489,-0.2880667052415563,
72511,-0.2805843803155666,
72531,-0.27510558479020114,
72546,-0.28320967328013386,
72592,-0.28492611651503863,
72594,-0.28217930834103194,
72633,-0.2660261965145063,
72770,-0.29734131618470616,
72775,-0.2952024752003617,
72835,-0.28900193434715327,
72880,-0.2904213580934877,
72920,-0.29093740155677955,
73082,-0.3226936517611567,
73133,-0.32929666166248145,
73152,-0.31812729745506874,
73180,-0.305873523477683,
73313,-0.2739529197240868,
73316,-0.2690484194089303,
73338,-0.252691123231725,
73357,-0.23738167419223263,
73410,-0.22386639487491725,
73436,-0.2343285240988092,
73557,-0.24078485028843566,
73888,-0.22702740453446738,
73907,-0.22640504882731718,
74142,-0.23822657573229652,
74392,-0.2973706666227422,
74402,-0.2973202529219254,
74476,-0.2893438983009257,
74586,-0.3196768507629714,
74596,-0.31401767239131706,
74620,-0.3254342092901688,
74696,-0.33995199649813346,
74730,-0.33713846411596565,
74794,-0.3413578248211879,
74834,-0.33805426535345334,
74858,-0.35043180026819576,
74863,-0.3509828527867099,
74880,-0.37465477563618116,
74914,-0.363410540462163,
75502,-0.32305475354541824,
75579,-0.29044216276169144,
75678,-0.24288354897527387,
75742,-0.22556103368551525,
75749,-0.2189732973388923,
75837,-0.2115157197396963,
75915,-0.23322549500336592,
75944,-0.23778271326682,
75994,-0.24670470551639667,
76004,-0.2543186406178807,
76043,-0.27015608737571123,
76095,-0.26707210146237764,
76142,-0.2718559103496256,
76215,-0.28195732911024907,
76322,-0.2894138593535091,
76470,-0.2821571754312946,
76491,-0.28116031864930646,
76515,-0.2912340314085127,
76566,-0.28551428566742876,
76579,-0.28309963884282846,
76693,-0.2901076600933645,
76772,-0.29597540623109514,
76790,-0.29228215229270244,
76883,-0.28446698076122023,
77362,-0.359502375521464,
77376,-0.360819288261815,
77381,-0.36091614258859017,
77425,-0.37257523853368,
77435,-0.3676867430625034,
77603,-0.4087037441318541,
77751,-0.3658341237789939,
77844,-0.3138587848247165,
77870,-0.31454642747522416,
77887,-0.3138892335024919,
77905,-0.309245355388758,
77973,-0.3035692417715488,
78054,-0.30345252351730406,
78101,-0.30218185716775414,
78217,-0.3303533229937605,
78313,-0.3160124312904811,
78369,-0.29549669027759573,
78382,-0.2932809072002335,
78598,-0.24637717708507137,
78623,-0.23378315540306974,
78792,-0.3058008540304016,
78943,-0.2790613055701424,
79011,-0.3112263528013302,
79034,-0.3113400866601663,
79081,-0.31619872011579103,
79091,-0.2974918677265306,
79130,-0.2893259829914654,
79269,-0.3229003885141088,
79478,-0.29854237654447524,
79544,-0.3080132422877064,
79579,-0.3087629742969547,
79651,-0.2772685858929099,
79666,-0.2836350605446119,
79691,-0.28116545605365273,
79740,-0.27262657932048073,
79852,-0.27328541446264826,
79856,-0.2623579860643542,
79987,-0.23578847890737836,
80000,,-0.2523041946509318
80143,-0.26292160583067103,
80212,-0.27270722687451626,
80264,-0.30042380148571135,
80281,-0.30448011835767125,
80330,-0.31983116630169867,
80371,-0.340142766616217,
80616,-0.30086010552539055,
80660,-0.2532898475396691,
80786,-0.21446140961961904,
80875,-0.1980025166671659,
81096,-0.2700224910458845,
81244,-0.3069334021802837,
81266,-0.3196980462048672,
81304,-0.3427327416431346,
81309,-0.34125838186041413,
81568,-0.33562918979991174,
81570,-0.3288868596843477,
81883,-0.2918152832564612,
81969,-0.26886109161049054,
81971,-0.2647853621787634,
82143,-0.33361296971025567,
82153,-0.33363112562330394,
82201,-0.3570541632114797,
82343,-0.35724349019702084,
82431,-0.38956814324972167,
82674,-0.32012328438358656,
82723,-0.32872304582004164,
82818,-0.32005849789454976,
82933,-0.29300650347576856,
83064,-0.27757865466171877,
83136,-0.2733872835326425,
83177,-0.2649379250430171,
83186,-0.28028993287482507,
83340,-0.2946591624814319,
83342,-0.2959299831173647,
83376,-0.2842315671175552,
83391,-0.2884687950189318,
83395,-0.28833214669512314,
83552,-0.24472388607446066,
83779,-0.24634969763795347,
83790,-0.24875399335675727,
83867,-0.2582600490361766,
83905,-0.2591625350200577,
83916,-0.24891912824883827,
83979,-0.2666782376438746,
84158,-0.22146701766737525,
84160,-0.21942346236756646,
84173,-0.2174701783115349,
84287,-0.2235020063955863,
84516,-0.24600531656019456,
84547,-0.24307951198259506,
84599,-0.2482582055908581,
84776,-0.23560069016765617,
84964,-0.22483718835077604,
85086,-0.23741459530215028,
85162,-0.2276826335816162,
85355,-0.25626212643082147,
85394,-0.2701068938174622,
85488,-0.2779695753594313,
85508,-0.28812275684859856,
85513,-0.28870229693804467,
85760,-0.3218584353759711,
85798,-0.31771816789743174,
85847,-0.2781057850233379,
86258,-0.26424047009338175,
86297,-0.2605580635863143,
86329,-0.24820600570210544,
86334,-0.24856410271574006,
86374,-0.23720424054662137,
86417,-0.2235105071212315,
86437,-0.22794162687871405,
86439,-0.2297199232327661,
86477,-0.24278996008869233,
86542,-0.2329532611233974,
86784,-0.26990116885238186,
86800,-0.25015723372214,
86838,-0.24410354209566446,
86882,-0.2506238575209394,
86957,-0.2389712509073192,
86992,-0.23062600578321757,
87055,-0.23043006506462707,
87188,-0.2603138410479273,
87214,-0.26162847438802883,
87224,-0.26524859989981836,
87252,-0.2612381356451726,
87329,-0.2803941385364153,
87341,-0.29163133874396346,
87371,-0.28697661526779183,
87405,-0.27212627962830077,
87589,-0.22459426161025925,
87724,-0.22727962450220346,
87725,-0.23287053527902526,
87764,-0.2425147871654071,
87769,-0.252525530135195,
87780,-0.25677651829728165,
87800,-0.2611256990153298,
87924,-0.240864098277348,
88022,-0.25385187788023206,
88087,-0.2733783218142467,
88128,-0.30683414433512046,
88129,-0.3011959672011033,
88183,-0.29316887524662466,
88319,-0.2985989055781664,
88327,-0.30205570680379457,
88438,-0.25763670762672264,
88570,-0.25084435488701934,
88585,-0.24172055520468871,
88608,-0.2480973494632212,
88707,-0.2581603239850569,
88778,-0.2768059767314309,
88791,-0.27649211626167775,
88973,-0.2704993833979413,
89049,-0.2473790181187599,
89158,-0.2351985719572153,
89187,-0.23465284189442012,
89298,-0.2422738857399537,
89310,-0.2464053887722082,
89335,-0.25542069554879154,
89449,-0.2983133645161099,
89562,-0.3003877404082517,
89638,-0.2947347575383954,
89754,-0.28559829620894583,
89793,-0.2669568995680705,
89980,-0.30292763713090076,
90000,,-0.2649477893049247
90108,-0.32012522428542006,
90139,-0.31539992666440747,
90214,-0.33468382661869683,
90234,-0.30839175187352424,
90290,-0.2827327747229684,
90519,-0.23987518017508408,
90539,-0.23652200017110644,
90641,-0.25921541183115876,
90676,-0.24670355801588614,
90760,-0.2463235118358547,
91048,-0.234646942117978,
91129,-0.24563995409739445,
91150,-0.2280725569558768,
91233,-0.24713443944431288,
91258,-0.2429147132034819,
91289,-0.24340295945086576,
91323,-0.2368347958386124,
91387,-0.23299766545823833,
91455,-0.24520803001940947,
91491,-0.2583064391737774,
91653,-0.26489064196043144,
91833,-0.2185294613960022,
91893,-0.22066989631800002,
92113,-0.24320270501945604,
92171,-0.23241872151636878,
92192,-0.2208471013083219,
92216,-0.23454103396015338,
92366,-0.24935882970466575,
92442,-0.26531140183019963,
92738,-0.284592686086375,
92747,-0.2886647234311138,
92760,-0.28887177616573406,
92812,-0.30199155484537205,
92852,-0.306845517937649,
92895,-0.29809776709379676,
93113,-0.27448758058426537,
93310,-0.2772797988968148,
93431,-0.31210373548541814,
93482,-0.3235294556176082,
93491,-0.3180872327631235,
93503,-0.3147639678816186,
93567,-0.28938984624261427,
93582,-0.2786948154155287,
93596,-0.2752137456589181,
93606,-0.2700743173951968,
93622,-0.2738740240501766,
93670,-0.24960032337915447,
93729,-0.22403173116795355,
93744,-0.23465866088700127,
93800,-0.21902423031776536,
93833,-0.23045594171568287,
93958,-0.272638246341162,
94114,-0.2971290183915957,
94203,-0.3013034887769447,
94250,-0.2740491365913432,
94254,-0.28401989138570705,
94470,-0.2563157367587703,
94534,-0.25605216992763324,
94618,-0.2302489184565605,
94721,-0.2200956845283198,
94738,-0.22426354189151904,
94746,-0.2259684302738302,
94753,-0.22927415133669574,
94850,-0.2638961674154747,
94860,-0.2622507903539799,
94966,-0.279335707236933,
95017,-0.2756883200754172,
95068,-0.29004948431168415,
95073,-0.29533567923895127,
95104,-0.30544239626933556,
95112,-0.30195892859936474,
95150,-0.27013713103136644,
95162,-0.261567795511049,
95188,-0.2508343595706564,
95200,-0.2498740925839956,
95212,-0.2511527515521593,
95305,-0.2333083089238802,
95327,-0.22826937066046046,
95407,-0.25074216014380946,
95442,-0.2516582807855656,
95500,-0.2485576378890439,
95502,-0.24954329395918465,
95601,-0.26851633110469053,
95688,-0.27845045551431746,
95707,-0.26976465249476445,
95772,-0.2541262524197436,
95799,-0.2441250263730617,
95862,-0.2416778284482701,
95866,-0.2370515846801976,
95897,-0.2490526756889141,
96094,-0.23831166368415552,
96150,-0.24207845026854044,
96155,-0.2347109324756335,
96167,-0.2322048156775109,
96173,-0.22553986635386347,
96234,-0.254258411494643,
96262,-0.2538640547012115,
96302,-0.2619365458285276,
96344,-0.2842137621464041,
96488,-0.32068442499141575,
96533,-0.3509731641918678,
96568,-0.31588114432422876,
96661,-0.33179746840273805,
96733,-0.3103045738327147,
96770,-0.3073755057256339,
96787,-0.3086414154885645,
96893,-0.3103105175209891,
96959,-0.3245957469974064,
97069,-0.3325245142169853,
97172,-0.3095563100516113,
97198,-0.30657149244777065,
97240,-0.3083006902463912,
97251,-0.2840956993607322,
97412,-0.2674114124979376,
97537,-0.3020126078006309,
97580,-0.31111575777044154,
97666,-0.315155969009096,
98000,-0.28867094509869107,
98163,-0.28050720024990566,
98227,-0.2766933925710651,
98300,-0.3055225485349574,
98328,-0.2897393890911758,
98341,-0.28248640973488803,
98387,-0.26894814289816776,
98398,-0.271723925325247,
98418,-0.2709313637834274,
98463,-0.27440100058796757,
98468,-0.2768541468665727,
98606,-0.27359654169272246,
98621,-0.26859784293382594,
98666,-0.2713649941944143,
98765,-0.2876564580945404,
98770,-0.28594680976495757,
98804,-0.27723123252078047,
98921,-0.30545377331417917,
99042,-0.2794608183945151,
99086,-0.2761727740296577,
99140,-0.28385826783019696,
99359,-0.27902691505561916,
99404,-0.2770334615628501,
99452,-0.28795424052953594,
99587,-0.32140311645077524,
99601,-0.33142256297492056,
99654,-0.31953451088670837,
99690,-0.3211333888255707,
99752,-0.31673040866831537,
99845,-0.3158319109772845,
99881,-0.32770439808609303,
99882,-0.32276101288172404,
99938,-0.31836094158569284,
99954,-0.326796892313442,
99968,-0.3250048991384714,
100000,,-0.3652172220020414
100017,-0.34436247141419557,
100107,-0.33642377935766704,
100184,-0.3172837443312364,
100247,-0.29497347946343283,
100257,-0.29329131889026266,
100311,-0.29176178191588925,
100431,-0.27508035138532777,
100663,-0.30008780846501365,
100751,-0.33853968303341125,
100796,-0.3493958695664448,
100806,-0.351016282749873,
100914,-0.320297734714961,
100930,-0.31823224264307,
101018,-0.30391606515608405,
101027,-0.3026349078103251,
101039,-0.2865778294059514,
101236,-0.2479211479841516,
101289,-0.24616973454877847,
101411,-0.24658651896574696,
101509,-0.2533069912636815,
101864,-0.22998336115405218,
101944,-0.23822852443259834,
102008,-0.24150956561874412,
102131,-0.23353152788856676,
102157,-0.24303319682092378,
102170,-0.24703188187039085,
102185,-0.2425234529717424,
102217,-0.25230196927682624,
102314,-0.25462328125423994,
102379,-0.23870036128208555,
102503,-0.24549198048453316,
102510,-0.24026466889582637,
102525,-0.24516714362973904,
102703,-0.2605017664639229,
102705,-0.25877533596201796,
102723,-0.2565413409633077,
102741,-0.2585050044965149,
102798,-0.2730430342607676,
102814,-0.2759601647006764,
102874,-0.2864314683041216,
103026,-0.29209706291956006,
103054,-0.30628455349290307,
103110,-0.2943163920948298,
103123,-0.3001804992174224,
103307,-0.27046268977495674,
103438,-0.27215013157395984,
103492,-0.2938792577856974,
103502,-0.2897650603094341,
103543,-0.29841135670694496,
103555,-0.2893588819917595,
103586,-0.28807074102952585,
103801,-0.2783759583087052,
103997,-0.23321795288398112,
104117,-0.25853371377224227,
104122,-0.2580182156411045,
104150,-0.26366908259933963,
104253,-0.254375431072251,
104397,-0.27282003527148807,
104459,-0.2788252330632087,
104464,-0.2803715920443578,
104530,-0.28229373925159795,
104699,-0.31540749423371767,
104703,-0.30934742677750987,
104708,-0.30609797132794275,
104731,-0.30571217047566873,
104777,-0.3113159097719599,
104836,-0.29229677761976375,
104841,-0.28938673433934,
104846,-0.28803281309311923,
104959,-0.2718418460064973,
104978,-0.25925926420359,
105006,-0.25660308536083337,
105159,-0.2748993653419399,
105164,-0.2745839379437029,
105218,-0.27283739043074173,
105293,-0.26854015210447796,
105371,-0.24689146022945674,
105439,-0.2325910058503786,
105683,-0.26505497422267577,
105806,-0.2761554450409091,
106035,-0.21620334891056078,
106063,-0.20977926935597854,
106131,-0.19759160509203125,
106161,-0.19186331343056934,
106174,-0.1943863625109175,
106180,-0.19369323493301718,
106186,-0.19459221469752944,
106327,-0.2462446627294005,
106354,-0.25334075913783566,
106358,-0.2439882375479257,
106520,-0.29626936005319576,
106634,-0.3281558522124057,
106648,-0.317181707071613,
106662,-0.3238712391636248,
106693,-0.31418931895993324,
106700,-0.31422228775032857,
106718,-0.3122797607474117,
106792,-0.3099925068038751,
106812,-0.30572451955773067,
106920,-0.2783240546682958,
107041,-0.2724287160964762,
107046,-0.27026439959895526,
107047,-0.27106800235791917,
107074,-0.2784091103633215,
107116,-0.26692834340187455,
107207,-0.2621966043559971,
107342,-0.24636524923750702,
107356,-0.24572267026381037,
107423,-0.24345026241781306,
107442,-0.25378581902081765,
107478,-0.24189117251498526,
107491,-0.24373817612328022,
107533,-0.24790232035746768,
107653,-0.2678703024969084,
107661,-0.2639527380582393,
107676,-0.25892538281889876,
107728,-0.25528085981374393,
107757,-0.2528192707506484,
107800,-0.24677577552441327,
107822,-0.2478539504584483,
107934,-0.26161718661700695,
107979,-0.28648494029073,
107987,-0.28519522734979796,
107989,-0.2841351784411578,
108027,-0.2830802143284796,
108110,-0.2890382597658256,
108130,-0.2892000064555093,
108144,-0.2887229745417522,
108390,-0.25271550679120425,
108442,-0.25971295288637264,
108464,-0.26178335561488103,
108741,-0.30685130019181933,
108761,-0.30708831765793776,
108806,-0.30578443719017634,
109091,-0.2563327081763098,
109264,-0.2681298754528432,
109292,-0.26602065285290155,
109419,-0.24326249542728243,
109600,-0.24365476760001564,
109633,-0.24551761691838173,
109674,-0.2452868631224862,
109733,-0.25154356481550855,
109782,-0.27075343673352914,
109796,-0.2668357908085424,
109802,-0.26998304841303244,
109823,-0.27241668572214417,
110000,,-0.2504581001747784
110049,-0.2874021425343789,
110164,-0.27797105250541027,
110347,-0.28665719719985533,
110412,-0.26381027698815357,
110425,-0.2715825796311818,
110490,-0.26721371304741054,
110547,-0.2859401259095286,
110549,-0.2850214158443451,
110567,-0.28992273644427774,
110625,-0.29604097915812366,
110801,-0.3194074554849948,
110819,-0.3170318527891345,
110943,-0.33039305739698227,
110988,-0.3292442868654258,
111051,-0.3474176513971316,
111082,-0.32809700991249113,
111092,-0.32049574123923963,
111132,-0.3274268418520313,
111175,-0.33674012469784037,
111185,-0.33515073037432463,
111207,-0.3507065323047576,
111240,-0.3647332994929562,
111283,-0.3700944680386867,
111398,-0.36463595541891514,
111421,-0.3695272904330356,
111442,-0.35818266551693895,
111517,-0.3508811497731903,
111560,-0.3501848454177881,
111816,-0.2937505984983802,
111818,-0.2948622249832973,
111844,-0.28672400804249054,
111874,-0.2966712633450216,
111903,-0.27708161615110305,
111938,-0.2485554117687725,
111954,-0.26030517542496673,
112045,-0.25914922002998514,
112248,-0.3063121612243986,
112252,-0.29818020703792786,
112403,-0.30721988659100025,
112404,-0.30831708868380764,
112431,-0.29377224778493366,
112441,-0.29330433405226214,
112658,-0.2698321470287902,
112758,-0.28179565181756006,
112763,-0.28042214707331675,
112777,-0.2794997811998206,
112847,-0.28285551689508026,
112988,-0.2615618737951591,
113123,-0.25369237975248693,
113444,-0.3021384423840293,
113449,-0.3030163284048833,
113454,-0.3029475818673171,
113482,-0.2952180026175423,
113672,-0.34491794832342143,
113845,-0.3245754554671567,
113851,-0.31761570510345605,
113988,-0.2837248343204418,
114073,-0.302938462291577,
114097,-0.2970998475905228,
114150,-0.32184680518126657,
114187,-0.3391346003385931,
114208,-0.3333167856550617,
114243,-0.35054307063011597,
114275,-0.33408121944828584,
114284,-0.3331506003825009,
114286,-0.3345858810041981,
114293,-0.33331034274518656,
114350,-0.30883027733260043,
114365,-0.3138460817923162,
114411,-0.298526131144224,
114473,-0.2933731054611229,
114522,-0.27546156168648844,
114569,-0.2678737447138289,
114595,-0.26403251421835966,
114722,-0.3192775289024982,
114829,-0.29776184055698446,
114836,-0.2989171412934897,
114931,-0.28715764075295314,
114937,-0.2803121130868042,
114944,-0.28979552112441187,
114956,-0.2701164760478712,
115065,-0.23717273323299579,
115087,-0.24445610707732748,
115105,-0.24947188326380676,
115245,-0.2574262483206357,
115271,-0.25831088887128034,
115302,-0.26687444099170265,
115326,-0.2693373829492951,
115352,-0.2697756455245717,
115366,-0.2781342082295226,
115386,-0.26987673759209174,
115413,-0.27282879358325496,
115515,-0.2878926522284137,
115541,-0.2969853945278976,
115549,-0.2986154139758374,
115566,-0.2869228376068553,
115667,-0.2943842882822567,
115679,-0.2884868572020169,
115688,-0.286045373577294,
115803,-0.30713082925657403,
115836,-0.3058125389737003,
115872,-0.3011695093494525,
116015,-0.281177622431166,
116148,-0.3075394975935311,
116355,-0.33209065572110563,
116455,-0.32116481096823657,
116473,-0.31835818882713784,
116478,-0.3183247127630612,
116525,-0.3168973351847222,
116597,-0.33903972369154256,
116649,-0.34900841586520603,
116812,-0.4078926310153052,
116819,-0.4052552108650461,
116920,-0.39728174728658716,
116947,-0.37009701616616403,
117117,-0.3669845728725801,
117196,-0.3238971365735842,
117340,-0.38248453424621354,
117453,-0.39512350983655453,
117471,-0.3989285078415153,
117530,-0.4154513295513744,
117555,-0.43205138582162966,
117611,-0.47286886512480264,
117617,-0.47520773077500505,
117628,-0.4623863905080931,
117749,-0.4669588748277916,
117753,-0.45790303935540905,
117776,-0.4551299352882541,
117868,-0.4462033801959702,
117950,-0.4206899381944234,
118076,-0.3836591044130648,
118091,-0.3734441139888743,
118220,-0.38439401871243156,
118470,-0.3536805796457107,
118776,-0.24360102620827775,
118795,-0.24578003916071933,
118945,-0.31331082062328497,
119118,-0.43252497095098386,
119168,-0.4667469502690475,
119201,-0.4821312288015009,
119300,-0.5438419717216775,
119310,-0.545654771602769,
119427,-0.5529943779204018,
119510,-0.5564066096864039,
119523,-0.5608945651076837,
119596,-0.5807823398353674,
119601,-0.5795920549523198,
119616,-0.5868802314247017,
119671,-0.5679194003245145,
119681,-0.570949877255273,
119705,-0.5802862123632725,
119718,-0.5783302420049217,
119844,-0.5986039267873363,
120000,,-0.7521594130722876
120013,-0.6533050587364037,
120107,-0.7208593040198332,
120184,-0.7026929611513049,
120295,-0.7024186221768628,
120333,-0.6976857322463892,
120363,-0.6830646321776175,
120565,-0.5609366096619361,
120756,-0.4826527978636998,
120907,-0.460662241676028,
121063,-0.46114451174790516,
121088,-0.45184992952378783,
121143,-0.48562498140645877,
121222,-0.4452180986404861,
121253,-0.44226754880635555,
121309,-0.39046060740337685,
121359,-0.3342134504421732,
121389,-0.33108379780161123,
121417,-0.33259793648951863,
121532,-0.3190724546119009,
121573,-0.32815505881561796,
121608,-0.34470740225400187,
121634,-0.34999233325768636,
121751,-0.3698925602225168,
121786,-0.3632524083863005,
121831,-0.3486036703237804,
122090,-0.2629911300878195,
122110,-0.28324228446417843,
122116,-0.2819192748563911,
122181,-0.24733780179426534,
122297,-0.2858910115776079,
122386,-0.30824643652193967,
122566,-0.3772163712008256,
122623,-0.3626145049934124,
122644,-0.35710603436346244,
122662,-0.35375462605019625,
122676,-0.36602864046679967,
122803,-0.2746741396334524,
122897,-0.29485421065673434,
122909,-0.2914468437082805,
122914,-0.30059806430552105,
122931,-0.28845468590099765,
123038,-0.25442483000718297,
123056,-0.25201382942549044,
123181,-0.2190499775405959,
123183,-0.21970685317119656,
123231,-0.22815024194021588,
123295,-0.21477492534239268,
123420,-0.2538779735407456,
123644,-0.3427053880693359,
123651,-0.3378804237365571,
123758,-0.3955049242578524,
123820,-0.3825558247970282,
123845,-0.3928030222742406,
123872,-0.37905707617688816,
123990,-0.33909276105939673,
124024,-0.3366299670088533,
124029,-0.34145553549943936,
124152,-0.3195563779110786,
124216,-0.3055858894250603,
124535,-0.32541163739774986,
124620,-0.30218625124910825,
124660,-0.30978661259167545,
124734,-0.3051850540981599,
124747,-0.3151243892943629,
124760,-0.3189430529396432,
124860,-0.3027138183702291,
124872,-0.30002741556383217,
124887,-0.3105640254797939,
124985,-0.3169606437244223,
125037,-0.3086297584931971,
125123,-0.3170131750630857,
125178,-0.31411929762926855,
125212,-0.32437195881278524,
125216,-0.3226670485134119,
125262,-0.3279736125788528,
125319,-0.29654911263513717,
125375,-0.290828016092264,
125392,-0.2835483027481618,
125443,-0.27987694466630386,
125471,-0.26605136983834266,
125478,-0.25657930255172867,
125508,-0.26474426394978223,
125527,-0.2700785741545073,
125605,-0.2499071781992548,
125619,-0.24236918925690484,
125731,-0.26626506398156197,
125926,-0.268455480813928,
125933,-0.2705242454905607,
126004,-0.2821443556929449,
126085,-0.26892952184537333,
126197,-0.26434636969963454,
126209,-0.262168528062847,
126278,-0.2742136488488322,
126332,-0.26688961559310515,
126470,-0.2651780613842579,
126507,-0.26442252996667126,
126531,-0.25554625303743306,
126596,-0.251855791210086,
126670,-0.24021408413079162,
126739,-0.2664213420804339,
126787,-0.2759159252470696,
126939,-0.252122668115876,
127043,-0.26771698355519236,
127087,-0.2620354260994339,
127134,-0.2547880445713316,
127260,-0.2648040467349664,
127265,-0.2620925296074395,
127392,-0.27621816561516416,
127412,-0.28030461481491487,
127532,-0.2902523964492307,
127786,-0.32378562160415825,
127820,-0.3260893958727604,
127883,-0.30755753659518564,
128176,-0.29335104790463706,
128208,-0.29060820580922914,
128279,-0.30635473818879194,
128339,-0.2966565582733623,
128387,-0.2915825773577489,
128526,-0.2889527133853805,
128651,-0.27803561346456784,
128849,-0.28715896641454486,
128965,-0.2624900957730988,
128989,-0.2621112154917326,
129095,-0.2308683871244214,
129172,-0.22866087131585086,
129202,-0.2212755865083829,
129297,-0.21073826458385753,
129325,-0.21803780706656078,
129334,-0.2075361156950684,
129350,-0.21103928087615148,
129373,-0.2215963231959105,
129415,-0.21165220344568106,
129459,-0.22105607497502044,
129532,-0.2238617173318092,
129535,-0.2205821122247983,
129766,-0.2656753462575306,
129936,-0.28552386297187954,
129937,-0.2853409016596311,
129963,-0.2885910855905179,
130000,,-0.2558369678978762
130079,-0.25334002398395206,
130202,-0.22747976360600564,
130249,-0.22236659407948461,
130352,-0.23291144942257208,
130461,-0.23670742521154164,
130485,-0.2403596331503954,
130580,-0.246569700230817,
130618,-0.23991974685895895,
130879,-0.26214676906639167,
130933,-0.2571183021620108,
130981,-0.2550475153328142,
131113,-0.24622190562578944,
131118,-0.2430654336015962,
131180,-0.23225369253709466,
131189,-0.23835129083170806,
131287,-0.2808296799529594,
131374,-0.2559397026466972,
131389,-0.26230248472797485,
131408,-0.26698712701868443,
131457,-0.2732401065819934,
131510,-0.28080756181799893,
131572,-0.2728806646899867,
131630,-0.24175990665253472,
131737,-0.23533930750454704,
131933,-0.23723683407092913,
132111,-0.26952901944764895,
132159,-0.2566196301714344,
132217,-0.2719069040804609,
132252,-0.2760564869588885,
132269,-0.2686821275111532,
132274,-0.2720260850806109,
132611,-0.28056824612839526,
132844,-0.25295975858212594,
132887,-0.2609153306378151,
132958,-0.26259957331279765,
132963,-0.26430466286178705,
132988,-0.26885602346147963,
133055,-0.27857995039935346,
133080,-0.28946301186196877,
133158,-0.28893324627170186,
133198,-0.31065361374631223,
133225,-0.3220605581079624,
133231,-0.3158076655043525,
133246,-0.3255619487001297,
133383,-0.3201108067252418,
133414,-0.3228480989711727,
133420,-0.31239628639733386,
133422,-0.30519492988703606,
133438,-0.30167368414930923,
133445,-0.3148576254845478,
133470,-0.3245288231535712,
133487,-0.3217051583526417,
133506,-0.3021943202129569,
133544,-0.3097619717848661,
133594,-0.27717821954776545,
133681,-0.2864730692376192,
133764,-0.2781938697135382,
133791,-0.26393405867267383,
133797,-0.2680722815743233,
133882,-0.263114491978184,
133936,-0.2619401756031392,
134022,-0.27177077476857375,
134037,-0.2607891488964873,
134279,-0.2712354531860275,
134398,-0.23201212285766445,
134432,-0.2382491140323824,
134596,-0.23690244800659543,
134745,-0.25755540134260135,
134813,-0.2656142584493713,
134839,-0.27648551697002116,
134942,-0.2574288187514038,
135019,-0.2754384578917377,
135047,-0.2678879120370246,
135067,-0.2711002316821702,
135244,-0.23732020763545605,
135530,-0.259806418019495,
135578,-0.2805526153946723,
135583,-0.27639937588735586,
135624,-0.2813584698361172,
135925,-0.2663586611284766,
136018,-0.2959661074119768,
136053,-0.3067283283898326,
136082,-0.29710637090294634,
136117,-0.2846143458197561,
136254,-0.3493653169611234,
136273,-0.3601595756665713,
136335,-0.35513455380497144,
136368,-0.35324367815337476,
136375,-0.34594747709024093,
136378,-0.34294873481155846,
136492,-0.3356416914359097,
136512,-0.32049241208107,
136645,-0.30713412260225936,
136658,-0.3125014963645391,
136664,-0.3089485144276582,
136687,-0.3108872192009811,
136696,-0.3126291174666389,
136733,-0.30433391336909144,
136739,-0.30372802501616936,
136817,-0.3367536029397269,
136847,-0.3449746155027718,
136885,-0.3560173863226781,
137028,-0.38501567115299673,
137065,-0.38006430384907325,
137108,-0.3861662206823777,
137169,-0.39478281558016987,
137273,-0.35950826085015974,
137297,-0.370563740784929,
137310,-0.35948014649367993,
137539,-0.3177778586946973,
137549,-0.3219292982828977,
137553,-0.32577369033692977,
137590,-0.3267597344942568,
137605,-0.3344796587391622,
137864,-0.38402290580864373,
137921,-0.3464523038936766,
137965,-0.3497142296981142,
137978,-0.3482815669029407,
137981,-0.3455810112164025,
138013,-0.33153247922209084,
138059,-0.31013871246704666,
138174,-0.3051562078146546,
138176,-0.30321726313414143,
138186,-0.30694633034382707,
138498,-0.26938143813544085,
138518,-0.2645331301433735,
138525,-0.25872532882470856,
138548,-0.2407755436392849,
138767,-0.24187959616460789,
138861,-0.23643553174902082,
138866,-0.23881241257346553,
138907,-0.24486667625468125,
139022,-0.25126072232573354,
139067,-0.24686427284523876,
139190,-0.25118202801684925,
139220,-0.2454981491125537,
139237,-0.25377485090212976,
139262,-0.2546906686118401,
139340,-0.26383613473556494,
139399,-0.2691008910372362,
139461,-0.28537741738630645,
139586,-0.2598168022276092,
139667,-0.2401013945827675,
139704,-0.24876406366568113,
139723,-0.2386328160840569,
139750,-0.24124182526298948,
140000,,-0.255029699436352
140012,-0.2996797697114429,
140153,-0.32235243378020795,
140214,-0.31071901237565913,
140548,-0.31622282011720565,
140560,-0.30346271081192017,
140797,-0.27584270186823784,
141035,-0.24305737699027868,
141098,-0.2136438165262508,
141124,-0.21673243966366776,
141177,-0.23149173965708883,
141189,-0.22966671492479993,
141200,-0.22809591419885084,
141271,-0.26226489445873563,
141419,-0.25121117572147744,
141501,-0.274890877352494,
141579,-0.3257783519660702,
141624,-0.31581768180107145,
141629,-0.3128229168651122,
141634,-0.312127853650831,
141660,-0.316811627813063,
141690,-0.3210691390336335,
141782,-0.3340839407302961,
141840,-0.3160669756453121,
141853,-0.3057205261510797,
141872,-0.3089561249916218,
141921,-0.29327147847849555,
142021,-0.26813532350782693,
142060,-0.2568570722720827,
142067,-0.26145669951857475,
142178,-0.27601720309137984,
142239,-0.26408590038594526,
142287,-0.24898698422126828,
142292,-0.2531400207557901,
142430,-0.25142059886614304,
142635,-0.2335613079666853,
142657,-0.22644454598935781,
142668,-0.21988131707311662,
142743,-0.21786199306749635,
142780,-0.20734609974019583,
142815,-0.20147819157721664,
142871,-0.20831709095984638,
142940,-0.2214900030942919,
142969,-0.2196840516731384,
143039,-0.23702906099126517,
143132,-0.2567557763928411,
143157,-0.26074355529263415,
143258,-0.29384890904661826,
143545,-0.2704008173764329,
143617,-0.22742987982841073,
143673,-0.22917175685870525,
143809,-0.21897796919632534,
143860,-0.23424918931167965,
143921,-0.23064675623882333,
143980,-0.22761941977735262,
144023,-0.21344315411811388,
144396,-0.23898115269693687,
144433,-0.2483000912231519,
144498,-0.2596096153436882,
144574,-0.24703475713662051,
144584,-0.25139128278851935,
144784,-0.2751627451124962,
145008,-0.2708218761211574,
145157,-0.27044065145201435,
145263,-0.26076407486410963,
145513,-0.2668665947665358,
145554,-0.279008972910864,
145584,-0.28345217820202445,
145784,-0.25809564383098116,
145867,-0.2392016716680978,
145887,-0.23304750076438446,
145931,-0.23842004888248958,
146097,-0.25544987507739364,
146101,-0.25552103961428235,
146147,-0.26423530143573215,
146241,-0.25148881720794525,
146287,-0.24742239243743439,
146409,-0.2735033855062483,
146417,-0.2779588345011043,
146647,-0.28881197937722236,
146660,-0.2897087295473762,
146668,-0.2923867679954535,
146749,-0.26919636748935033,
146840,-0.2860090627426285,
147012,-0.2947216333576819,
147213,-0.30388834203391846,
147225,-0.30752345183009105,
147313,-0.31041223659867223,
147360,-0.2828524339268549,
147609,-0.2923651723582068,
147902,-0.30621670059716355,
148012,-0.32785427383611926,
148184,-0.2960606296677781,
148208,-0.31121750605866183,
148220,-0.30890151888416184,
148250,-0.2928260064247509,
148327,-0.29124927702529585,
148367,-0.2754704416121096,
148429,-0.26649245638045205,
148442,-0.2637514409632091,
148467,-0.2746735642454942,
148532,-0.3014397936259081,
148941,-0.3667191359104973,
149036,-0.39995572657381695,
149081,-0.4160295101081438,
149099,-0.4235597020891612,
149163,-0.4315216772218091,
149293,-0.42359045248526583,
149313,-0.4026798733363284,
149363,-0.3624633508632741,
149376,-0.34958604147187505,
149418,-0.32831235566048994,
149481,-0.30829973902016417,
149499,-0.3025345641666208,
149524,-0.2807826978552887,
149568,-0.2784849169718161,
149601,-0.27280499537268965,
149602,-0.2659216679323803,
149662,-0.24701177402410773,
149711,-0.26549240120006246,
149837,-0.269058054875023,
149906,-0.27664823830371216,
149947,-0.27787259653738255,
150000,,-0.34779287356190214
150081,-0.3198296364090022,
150088,-0.3298221292296166,
150257,-0.3650289336409946,
150393,-0.369783935665134,
150403,-0.3784401382303538,
150440,-0.38222563252021563,
150447,-0.38091874829116906,
150471,-0.36417283763895336,
150549,-0.3882182843252045,
150644,-0.40757574700065874,
150663,-0.39646555286573376,
150757,-0.4457899019745964,
150763,-0.4418742000048408,
150779,-0.43965011283674954,
150828,-0.44101444140131507,
150838,-0.4460755445769998,
150960,-0.40862500048673084,
151022,-0.4252990080326368,
151028,-0.4311007816742701,
151084,-0.41534152380500033,
151151,-0.37450672758928877,
151170,-0.3796514346908918,
151300,-0.3674749108291844,
151542,-0.3639962551715397,
151689,-0.3486266077735775,
151739,-0.3347637778544699,
151861,-0.29880771153736757,
152004,-0.3353514784300014,
152194,-0.41213210892718416,
152201,-0.41786128634329345,
152427,-0.45167425089803465,
152455,-0.45321504116025957,
152548,-0.47895924860888855,
152563,-0.4787325241394735,
152625,-0.4637108902706064,
152658,-0.4606775933430018,
152660,-0.45604360977656877,
152806,-0.4414034995136297,
152817,-0.42487754028761743,
153027,-0.386648649047829,
153081,-0.38660554713064416,
153138,-0.38111955035889805,
153171,-0.3725201175687987,
153289,-0.4099239460677568,
153468,-0.3947191637281724,
153550,-0.3831337203597759,
153643,-0.36042573967233676,
153695,-0.35070184783359354,
153752,-0.3616491926371068,
153834,-0.3549849646525576,
153900,-0.36303884341711906,
153974,-0.3115576463564962,
154006,-0.310199084943636,
154122,-0.28002595949763764,
154166,-0.2709521081881263,
154172,-0.2621177593408084,
154264,-0.27962548871723936,
154271,-0.26969545478333756,
154310,-0.28091374537433117,
154319,-0.2796469062878561,
154329,-0.28083175674488164,
154372,-0.2719432394425812,
154395,-0.2669022187499,
154445,-0.2712210973283964,
154450,-0.27235559860259,
154460,-0.26787294133619793,
154775,-0.30012182634433865,
154799,-0.3125935154655359,
154899,-0.30874380899828013,
154993,-0.2573100500806247,
155253,-0.26225004380835454,
155313,-0.30009641478521704,
155339,-0.3175850230482778,
155397,-0.32209851390500077,
155425,-0.3132887035246939,
155442,-0.30522077347075116,
155476,-0.2956111030142264,
155502,-0.28249104633913247,
155658,-0.24556964766929482,
155710,-0.23288576964546057,
155936,-0.2858590144493286,
155961,-0.28876129137183226,
155991,-0.30264064150589315,
156032,-0.2991745045497854,
156145,-0.3192994071344599,
156267,-0.28578697108258116,
156284,-0.27580309470327086,
156601,-0.2833564440159863,
156771,-0.32201828087120815,
156852,-0.3200444638506083,
156855,-0.32068679281614715,
156968,-0.3323206782200647,
157020,-0.32339473307742345,
157066,-0.3201402187243916,
157107,-0.3383241695469587,
157385,-0.30458713527996567,
157405,-0.30612169760574603,
157410,-0.3095913252835226,
157470,-0.27449721754677303,
157530,-0.2994131064063749,
157551,-0.29837040705950174,
157580,-0.3101066255483698,
157652,-0.33308614683525767,
157901,-0.2966816981926316,
157915,-0.29630628282386395,
157981,-0.28707185685934783,
157985,-0.2938992514766488,
158192,-0.2728899138516224,
158231,-0.28562337458448556,
158421,-0.29453811059029716,
158428,-0.3025961175407815,
158529,-0.3225107598360429,
158580,-0.32480093992479836,
158657,-0.3138304015208201,
158674,-0.3089344360242483,
158684,-0.3144468666104606,
158760,-0.2960499772280178,
158781,-0.3038566289665171,
158804,-0.2887888471407593,
158816,-0.28430265509965746,
158921,-0.27873599822403355,
158933,-0.27784348150341387,
158958,-0.2893742850993057,
158973,-0.2917087421574468,
159157,-0.2820429036352424,
159162,-0.28715266630837905,
159264,-0.2857047066510635,
159317,-0.2861795581605624,
159334,-0.29913135799514573,
159467,-0.2935368521389738,
159487,-0.2961149738471487,
159506,-0.2883955014966493,
159706,-0.27042061389946154,
159742,-0.27151774820065616,
159880,-0.28609352067329064,
159916,-0.29261588333323474,
160000,,-0.23617536430415786
160023,-0.27109833627386043,
160068,-0.2679579223256103,
160091,-0.26325850896252234,
160096,-0.2677568372303665,
160110,-0.2707975230352687,
160194,-0.26739714771067397,
160232,-0.26629567330989373,
160272,-0.27314426183694257,
160290,-0.2648988439789308,
160352,-0.28666486652612055,
160377,-0.28888121224743696,
160523,-0.2767502575961495,
160590,-0.2806444478136872,
160669,-0.2895321481457419,
160895,-0.29526037099945035,
160912,-0.29743461078745276,
160919,-0.30012376918194594,
160929,-0.3114476373398167,
160931,-0.31013022358938036,
160964,-0.30004745676935135,
160979,-0.29888223281947046,
161076,-0.2686834258589724,
161103,-0.25588216754822796,
161189,-0.23589319698847638,
161212,-0.2387343364279808,
161349,-0.2162196616989544,
161422,-0.21846039690452948,
161464,-0.2323691229847118,
161477,-0.23243634838825233,
161552,-0.24118588357260506,
161745,-0.21749695527644833,
161892,-0.21961258000832462,
162075,-0.24462258505897605,
162158,-0.26905634783263815,
162169,-0.26861340315452653,
162183,-0.2654569296474804,
162189,-0.26149563421722244,
162201,-0.25985910010730234,
162263,-0.2479078806642636,
162347,-0.24748217144057083,
162364,-0.2437025864630016,
162496,-0.24467475165426766,
162677,-0.2779814875295454,
162794,-0.24527846878919546,
163003,-0.25705213276211514,
163026,-0.248814986154005,
163046,-0.26392235674978365,
163164,-0.27223359715638673,
163272,-0.2616872276821438,
163312,-0.27563166213863866,
163347,-0.25765518527980424,
163378,-0.2567014488726035,
163503,-0.2622030490516568,
163843,-0.2628520863078883,
164016,-0.2944426487495775,
164019,-0.2883053874325404,
164143,-0.2823615380704765,
164175,-0.2655577165562516,
164207,-0.24878570897642377,
164514,-0.28852540158047657,
164521,-0.28935932320184404,
164560,-0.27917268951146396,
164569,-0.2770889972977067,
164639,-0.2762003658161733,
164644,-0.2740823230701986,
164752,-0.25820212474025367,
164782,-0.2506389966880638,
164793,-0.24906897138814554,
164813,-0.24751453028274792,
164829,-0.24084709502003804,
164836,-0.24493731764473498,
165016,-0.23774515159945342,
165052,-0.23149309956026204,
165091,-0.23225162817042186,
165177,-0.2370879679032719,
165225,-0.23166350273811037,
165308,-0.23267848933552096,
165390,-0.25757900349283847,
165448,-0.2613400355248073,
165464,-0.26613024376733035,
165473,-0.27391524463125755,
165485,-0.2822088151087797,
165495,-0.2826653916285583,
165524,-0.29103844769200726,
165850,-0.22468458858227863,
165853,-0.21922649686428447,
165878,-0.2140963916161376,
165900,-0.20263730032509136,
166094,-0.2525079369973988,
166114,-0.2640188467024213,
166117,-0.26321436372097656,
166121,-0.26356743646519626,
166652,-0.2482328895153535,
166760,-0.2772944938018125,
166814,-0.281144400473271,
166946,-0.27670433113199516,
166973,-0.2758852888501332,
167041,-0.2628562943558552,
167113,-0.23543250677440145,
167209,-0.22701697230256265,
167224,-0.2364863361721113,
167320,-0.23344432751141234,
167361,-0.24004420527591527,
167460,-0.25418251077541637,
167572,-0.24988389848100076,
167614,-0.23615183793737138,
167651,-0.22747950138290435,
167656,-0.22809781901167214,
167699,-0.24832409680243622,
167781,-0.2654835005776864,
167844,-0.2929363285271556,
167920,-0.28430777298300147,
167922,-0.27835957550035334,
168013,-0.3054427561847582,
168051,-0.324956889332997,
168203,-0.2781154909295167,
168298,-0.25975028208957385,
168457,-0.2454127599171333,
168465,-0.24182416375022384,
168498,-0.2404150042854659,
168518,-0.24710808082661984,
168620,-0.24834663719392938,
168709,-0.25767419171001643,
168733,-0.26136788244445575,
168907,-0.290102862783218,
168919,-0.29658872392544383,
169036,-0.3080703030587313,
169100,-0.2983854137459469,
169155,-0.29786120502296265,
169195,-0.29787521523637955,
169320,-0.26713354219540386,
169375,-0.28144216191952487,
169638,-0.3127510045675736,
169702,-0.3276936416145727,
169740,-0.31615799005444684,
169814,-0.3185377318844961,
169880,-0.29492113951762544,
169885,-0.29687914813347344,
169922,-0.3016564302101128,
169972,-0.2843359196120274,
170000,,-0.26097240802427907
170032,-0.2729221124193179,
170070,-0.2772270235088289,
170150,-0.30191214926560167,
170345,-0.3047908038095848,
170388,-0.3010183594758079,
170579,-0.278299782528554,
170756,-0.2669448381347637,
170887,-0.2462814009741102,
170907,-0.23515148291356916,
171168,-0.27128159626859727,
171174,-0.28379644851946206,
171234,-0.2896385781265761,
171307,-0.317196967300448,
171316,-0.3169819941054686,
171384,-0.32791663648053865,
171420,-0.3055392729977451,
171457,-0.31309274280696864,
171481,-0.3146441065173542,
171521,-0.31473106578370524,
171548,-0.334027895902512,
171897,-0.24124854244959437,
171938,-0.22794168598554268,
171953,-0.23955495629674278,
171975,-0.23273642005073858,
172088,-0.20935095909172888,
172162,-0.20246681704601527,
172276,-0.223721820296115,
172283,-0.22390202633544679,
172320,-0.22682137839205777,
172433,-0.2668224814728413,
172468,-0.26840134950676764,
172571,-0.27074716027332735,
172614,-0.2583440250809133,
172625,-0.25160972944932447,
172736,-0.28152179604760613,
172748,-0.27710382276797174,
172752,-0.2771560397139324,
172757,-0.2787087905933102,
172778,-0.2806967062774329,
172804,-0.281806329962611,
172831,-0.28393106812623414,
172848,-0.2778548927123573,
172880,-0.2863561597460651,
172937,-0.2595627927147882,
173104,-0.24381965699779007,
173135,-0.22821480582039577,
173146,-0.2309339933825055,
173172,-0.22151391490176386,
173209,-0.21666595624953586,
173245,-0.20133818311306548,
173252,-0.201085345683934,
173298,-0.21648801519369812,
173323,-0.21786180750164294,
173425,-0.23385178561279432,
173450,-0.23734536989055954,
173479,-0.239512174913952,
173560,-0.2431748119497043,
173671,-0.2700404326976151,
173679,-0.2813995897491821,
173700,-0.2731423438884828,
173832,-0.26129320956126395,
173852,-0.26033241412775304,
173880,-0.2491148726451522,
173897,-0.2559917328338975,
174184,-0.26906737776390294,
174307,-0.2872140720145532,
174392,-0.26119644516598006,
174475,-0.25766516123907013,
174500,-0.2476869911871934,
174514,-0.2582419329505852,
174650,-0.24039314064699563,
174698,-0.24678692596201945,
174831,-0.24336101705569543,
174850,-0.24680431437484654,
174887,-0.275934468714945,
174908,-0.274365664696006,
174941,-0.26919808626981623,
175072,-0.26865750427102025,
175320,-0.2414836819890448,
175426,-0.2555737411746213,
175495,-0.261844376823372,
175593,-0.2835412803687845,
175633,-0.2815077903484261,
175706,-0.2740061937276714,
175709,-0.2681402499710346,
175804,-0.25291463226027894,
175821,-0.25515415999906543,
175839,-0.2651117710647967,
175932,-0.2662700904243541,
176277,-0.26912269920633086,
176301,-0.2745263724168003,
176308,-0.28034556919829545,
176362,-0.29045440751417356,
176372,-0.28931106412245355,
176421,-0.27034032279221415,
176503,-0.2702773410199629,
176546,-0.25886191310485573,
176585,-0.25317780546600316,
176639,-0.2372052985027026,
176759,-0.2500870942490929,
176832,-0.25102070648126945,
176875,-0.2666087851873498,
176881,-0.26448821925126575,
176981,-0.2614304671880532,
177157,-0.2518037381233517,
177205,-0.2404499431602443,
177222,-0.24563677594820252,
177501,-0.26085919086117604,
177522,-0.24394090298290277,
177568,-0.23975225420697122,
177601,-0.25088197021552877,
177645,-0.23849995326063353,
177689,-0.24683208806989243,
177694,-0.25090010571418103,
177747,-0.2595307782859049,
177997,-0.3457766750114363,
178049,-0.36615189138849097,
178133,-0.33835225700791843,
178151,-0.3408276495512166,
178166,-0.3448358936949715,
178230,-0.3239589055370249,
178272,-0.3303343219087925,
178321,-0.30250442644666303,
178356,-0.28625612888799173,
178707,-0.2772819625172522,
178712,-0.28136700397829645,
178754,-0.25939170506627773,
178860,-0.2602041603512003,
178920,-0.2669131205081581,
179201,-0.3062063566046955,
179295,-0.3004794432628817,
179374,-0.3054587241619732,
179380,-0.29583460262033745,
179422,-0.30115271409135236,
179428,-0.30771318302336925,
179479,-0.29452491586308477,
179502,-0.2903511780997261,
179507,-0.29006313700772784,
179527,-0.290451094076814,
179599,-0.287308558682231,
179633,-0.2837647540646498,
179721,-0.28074832757067425,
179832,-0.3161241660549762,
179908,-0.2957564107948841,
180000,,-0.2971714280399217
180058,-0.28782529402624285,
180059,-0.29103850966031974,
180104,-0.2753173028946207,
180197,-0.29422557531487287,
180301,-0.3053097205360667,
180376,-0.301188538393025,
180436,-0.31295306128733563,
180479,-0.2942034124600718,
180514,-0.25707955661827103,
180519,-0.25842232845410584,
180606,-0.2509976868209178,
180668,-0.2562579105909462,
180708,-0.2512445991313732,
180790,-0.23067304075558048,
180900,-0.24934186834347422,
180934,-0.26080491929129845,
180991,-0.2603264740109843,
181043,-0.2661911792176901,
181127,-0.2620912967128612,
181150,-0.2678978227826158,
181232,-0.28152561966507805,
181370,-0.2878281583831118,
181439,-0.2665949939880594,
181595,-0.26180815339481994,
181644,-0.29266317196571484,
181764,-0.24835039392064812,
181774,-0.25045010928484446,
181939,-0.2663531525849911,
181961,-0.26573082475877485,
181962,-0.2653895906779113,
181999,-0.251245843263838,
182017,-0.2509897658128663,
182064,-0.27389806574916714,
182097,-0.2701080745536607,
182277,-0.23872794746277376,
182345,-0.2397810758036102,
182592,-0.225591367024744,
182641,-0.23412592285786574,
182699,-0.23852778151358187,
182749,-0.2341347529268681,
182980,-0.2272146441122806,
182981,-0.22428719468005215,
183044,-0.2424682421884935,
183089,-0.2457127364152359,
183094,-0.2478308179668473,
183100,-0.2461709173127672,
183107,-0.24363423134523515,
183181,-0.31224777207057636,
183186,-0.3145888005681302,
183244,-0.30572408441323495,
183264,-0.30324207229816763,
183287,-0.2939707243663037,
183461,-0.2675184320093997,
183481,-0.2716880744891664,
183487,-0.26286180192454434,
183510,-0.25138188079237417,
183552,-0.23166994270530264,
183630,-0.23060648320743385,
183655,-0.2365943238205929,
183664,-0.23490666776242417,
183709,-0.23934471144077732,
183747,-0.25045007517760565,
183749,-0.2526863000082168,
183754,-0.2548411485917329,
183817,-0.2336427989728228,
183825,-0.21642018173981004,
184174,-0.2638364792906126,
184260,-0.2987588314113425,
184277,-0.29640608379682676,
184293,-0.3017452796177505,
184314,-0.297354903434025,
184385,-0.28968799387477734,
184485,-0.2759121121227614,
184519,-0.26740876045196094,
184537,-0.26794817532908766,
184560,-0.26509867343970045,
184593,-0.24915790919333677,
184635,-0.24388501169555427,
184769,-0.22048902603555448,
184811,-0.22093885664647714,
184817,-0.21846362476207976,
184892,-0.22009041130765447,
184995,-0.22990605133529995,
185114,-0.23478919489738956,
185298,-0.23725089892854992,
185333,-0.2597166132026617,
185340,-0.26145948087089677,
185539,-0.3035483020796851,
185577,-0.3147682483578449,
185640,-0.2992634289983286,
185647,-0.3024642058173598,
185698,-0.27388198009287806,
185720,-0.2711304700700358,
185756,-0.2868170147907583,
185779,-0.28469319948752186,
185814,-0.28939311991714134,
185867,-0.2628733523471055,
185910,-0.2627610977585289,
185939,-0.2495628345688522,
185960,-0.2428317505613088,
186057,-0.2506651339471479,
186060,-0.25299172581425045,
186279,-0.24359000917960233,
186342,-0.2646205541289776,
186361,-0.2676276379816918,
186572,-0.26790389942874204,
186623,-0.2938514956272206,
186653,-0.28648315656779727,
186701,-0.2598465563919928,
186732,-0.25318267868979577,
186853,-0.2430825783935446,
186869,-0.2370291959675713,
186906,-0.22475468145691813,
187030,-0.242917500290815,
187039,-0.23855443637670593,
187147,-0.25743213708263635,
187309,-0.2764552814883061,
187349,-0.25847580639750833,
187353,-0.2604039986612795,
187521,-0.27328145056756314,
187546,-0.27197038176374755,
187568,-0.2619315774214344,
187577,-0.2651299682532494,
187674,-0.2725643876770783,
187677,-0.2723044340355896,
187703,-0.26581526054762317,
187720,-0.27498514184816314,
187832,-0.2645257550817647,
187928,-0.23175367542170394,
187935,-0.23983465126138515,
188018,-0.23655312408690846,
188116,-0.23081027632162,
188161,-0.23970472003596238,
188263,-0.2528261060427536,
188317,-0.24989225977355484,
188415,-0.24801189784599947,
188435,-0.25873794120979127,
188442,-0.2634273218970842,
188570,-0.24754929038434947,
188985,-0.27544670493626994,
189011,-0.2888755950266317,
189032,-0.2642454391953056,
189191,-0.2556014052119775,
189207,-0.25810807535436886,
189276,-0.2601368023391905,
189411,-0.2637712947445265,
189416,-0.2650626549773268,
189611,-0.29965709284825975,
189878,-0.31196363492932605,
189924,-0.3144981064183451,
189934,-0.30539885343780837,
189954,-0.3136125600435137,
189959,-0.31280860142664446,
190000,,-0.293022767992588
190005,-0.32840604529389955,
190034,-0.32124774618560464,
190140,-0.2986834608798409,
190169,-0.29926429004061456,
190244,-0.2948116037293594,
190280,-0.28100915663509923,
190498,-0.33236775004188723,
190605,-0.34710771043558614,
190626,-0.3520310757157617,
190862,-0.2865342464800264,
190868,-0.30398481715945685,
190897,-0.29948227697148666,
191064,-0.3015591154806982,
191126,-0.31128497208199213,
191161,-0.30215605859243,
191174,-0.30916474490810547,
191357,-0.3360919078369241,
191388,-0.33272679260037286,
191425,-0.3624263986921023,
191501,-0.37557196757087213,
191510,-0.3665891615899641,
191556,-0.40195683543052785,
191601,-0.384063687458409,
191834,-0.33408923359754644,
191840,-0.32521172034190704,
191858,-0.3343497638143508,
191924,-0.34554572306530873,
192049,-0.3571646240678881,
192064,-0.3475222023117935,
192069,-0.3518307188121743,
192073,-0.35082511814466844,
192245,-0.3322562288254601,
192264,-0.31758269303984676,
192274,-0.3169772067400715,
192489,-0.27766950687102204,
192550,-0.2518845064703814,
192633,-0.25866481843055406,
192681,-0.22057436922903745,
192691,-0.2256203188883719,
192695,-0.2210955805177959,
192703,-0.21946753764382243,
192718,-0.2132368862657561,
192834,-0.23558892289714997,
192913,-0.25045621456056805,
193040,-0.313768596323969,
193118,-0.313258611586828,
193119,-0.3106339088483848,
193342,-0.29433545138204736,
193372,-0.2923268824259256,
193397,-0.2932646571182282,
193408,-0.2945884473912466,
193411,-0.29556593688271243,
193515,-0.3026856459774755,
193661,-0.29075049850175516,
193739,-0.27727215288316787,
193796,-0.25616495689395746,
193812,-0.23944165878434714,
193945,-0.2187401475461684,
193955,-0.2290328836926326,
193982,-0.24071863714803723,
194000,-0.23789010213920572,
194057,-0.24515331004165603,
194216,-0.28283289375314263,
194298,-0.2795363060315889,
194332,-0.2679873035584444,
194337,-0.2719961755279385,
194360,-0.29222602074418935,
194544,-0.31258251784974345,
194553,-0.3034587776040596,
194573,-0.28304886735362167,
194584,-0.28354018391064617,
194608,-0.29237387725795716,
194788,-0.2989017867807545,
194852,-0.3133389148487074,
195126,-0.32862118726235556,
195130,-0.327411462187897,
195146,-0.3331515404305813,
195230,-0.33894202597282896,
195458,-0.3232107351161482,
195472,-0.321075499475672,
195584,-0.2885758513792328,
195639,-0.27857086495699596,
195694,-0.27091100857280037,
195713,-0.2665717920898385,
195767,-0.30520058473008665,
195950,-0.38105262401790335,
196008,-0.41614028280850796,
196082,-0.429526774453066,
196126,-0.42497024167107994,
196150,-0.43072426253540813,
196174,-0.4302359898732799,
196179,-0.4345346498680335,
196305,-0.39781667953297506,
196328,-0.3995542974391538,
196388,-0.3649430450689159,
196419,-0.3602635746857699,
196441,-0.3649841427169044,
196555,-0.37074771730766626,
196570,-0.37207964895277945,
196577,-0.36653528816492875,
196609,-0.3581698948569405,
196689,-0.3866697037665138,
196694,-0.3764768481689916,
196741,-0.3901970383013609,
196967,-0.3587565800295159,
196981,-0.36246239833227656,
196983,-0.35548579492527893,
197071,-0.35923776869858726,
197190,-0.36696181908359954,
197247,-0.38109270506577625,
197278,-0.3717055630755896,
197332,-0.3836769825876781,
197451,-0.37373466493558893,
197602,-0.37026378467028337,
197646,-0.3815501263454075,
197700,-0.3709621902604503,
197707,-0.3749927762686974,
197796,-0.3248054711421341,
197806,-0.32740549755392423,
197818,-0.32999318899461194,
197836,-0.3233231334005639,
197846,-0.32513641825413164,
197859,-0.317029172349599,
197902,-0.3123677362981407,
197904,-0.31236620994183045,
197920,-0.30724043139420043,
197950,-0.2951995461378704,
197971,-0.27952167524900395,
198004,-0.2514558276945927,
198011,-0.2603286636073565,
198036,-0.2570702019406743,
198145,-0.2595301343333664,
198408,-0.25457648036764946,
198481,-0.24762973706939712,
198515,-0.240241818460051,
198624,-0.2528287799433056,
198666,-0.2586500944954053,
198767,-0.23141315948559754,
198773,-0.23697340572107706,
198831,-0.2356636826304869,
198925,-0.24751304513320505,
198983,-0.21450625230880963,
199122,-0.2296313856974956,
199171,-0.23459868045518192,
199206,-0.23757898490752144,
199293,-0.23021820805276647,
199456,-0.2569155642950386,
199590,-0.26667165097063317,
199702,-0.26948845283500833,
199835,-0.2860101918961951,
199951,-0.29232700321784977,
200000,,-0.25532411093148466
200036,-0.27524870843511445,
200047,-0.27665758634022786,
200249,-0.25952993548102676,
200274,-0.265240182104547,
200463,-0.25187490708851984,
200546,-0.25527274653465126,
200569,-0.2195069500501603,
200639,-0.23044694968671992,
200678,-0.24217392888053194,
200943,-0.3090153062804973,
200961,-0.3227618008935773,
200997,-0.32906138558408465,
201020,-0.32140210727588625,
201170,-0.32540711036159486,
201188,-0.32027053742826816,
201302,-0.2861745924472346,
201326,-0.2809269253873243,
201441,-0.26448407149159364,
201477,-0.2593101050564224,
201759,-0.2923527914371692,
201764,-0.29468318657065634,
201851,-0.28954857171051723,
201863,-0.2803437291957781,
202102,-0.26660839981760276,
202154,-0.2975824277739758,
202277,-0.2712092307795698,
202311,-0.25492450576474324,
202462,-0.25073383281398454,
202475,-0.2515063429461526,
202615,-0.237936390513912,
202715,-0.2604965701945696,
202727,-0.25645531896820617,
202752,-0.254599802156952,
202758,-0.24514387051142245,
202907,-0.2653155593756742,
202941,-0.2668303213912617,
203018,-0.25383487255126685,
203021,-0.25073573872369015,
203025,-0.24232215563164708,
203043,-0.24363845520275368,
203152,-0.248761554482194,
203202,-0.2270451688608218,
203340,-0.23434786467634822,
203366,-0.23859573801588987,
203375,-0.23045661941264087,
203416,-0.2285353237464608,
203704,-0.23269871719192514,
203755,-0.2514494926042117,
203997,-0.2513918533568322,
204027,-0.2622126965955174,
204051,-0.26120497588153463,
204185,-0.28710572229850745,
204422,-0.28884352471085006,
204427,-0.2898406809643137,
204575,-0.25162361359824925,
204591,-0.24839646952864622,
204606,-0.24105306038462163,
204766,-0.22617822045179925,
204773,-0.22169544840956967,
204859,-0.21982643501711685,
204864,-0.22845664582083283,
204881,-0.22776530960621547,
204886,-0.22750877981838205,
204899,-0.228582126073338,
205029,-0.24582386722787344,
205149,-0.274456992565506,
205164,-0.2715785457924644,
205245,-0.24458152129993663,
205376,-0.22525662537186567,
205461,-0.20146977016396853,
205507,-0.20072290281891092,
205609,-0.21388670489113845,
205617,-0.21733425527132838,
205628,-0.2130280263691585,
205733,-0.21213523409416468,
205758,-0.2233103976032815,
205815,-0.2283878781592627,
205842,-0.23041038137372483,
205954,-0.22876590736068272,
205995,-0.2514673995304436,
206062,-0.2561964905326515,
206278,-0.28369140642555457,
206365,-0.2722597880327538,
206387,-0.2897546797732368,
206425,-0.2903735677460423,
206460,-0.29441418247493845,
206525,-0.2980762975796279,
206579,-0.3063833971094753,
206611,-0.2978166187605386,
206889,-0.2471539397883082,
207017,-0.27796538522799996,
207170,-0.2910708577692983,
207335,-0.26766851689964705,
207387,-0.24588006484902045,
207483,-0.21887029112671366,
207494,-0.22443029370151457,
207573,-0.21541476804708157,
207588,-0.220094694322712,
207620,-0.22469121936149872,
207626,-0.2206181452540632,
207629,-0.22164375630856223,
207639,-0.22141073828398572,
207723,-0.2339279069277005,
207808,-0.23783765119049236,
207907,-0.23491004526582213,
208053,-0.2320046046139741,
208327,-0.24855975219719767,
208370,-0.2470915905299025,
208372,-0.2478658789196401,
208380,-0.24724229983276672,
208419,-0.2735628961636405,
208455,-0.2754904151529748,
208525,-0.27099566966093536,
208553,-0.28147320172808576,
208631,-0.3135995098544751,
208841,-0.33474487732657066,
208849,-0.333975412528414,
208941,-0.36479001257785804,
208945,-0.36496304219361236,
209016,-0.3465055240869426,
209148,-0.3379734742604056,
209180,-0.3271839224823834,
209257,-0.33752934462711265,
209284,-0.327581025538791,
209456,-0.3324545314982415,
209630,-0.30567751681205846,
209633,-0.3147029061985381,
209711,-0.2817591630660683,
209771,-0.32347435239155176,
209866,-0.33448897474817096,
209880,-0.32318078142912454,
209966,-0.3104483940202876,
209969,-0.3077785406219303,
210000,,-0.3205430103862489
210054,-0.3059045750727766,
210112,-0.29725215223580664,
210126,-0.2945313664155854,
210175,-0.2776592872196234,
210257,-0.27865960957633007,
210334,-0.32253672889449303,
210357,-0.3095797348563897,
210400,-0.28936518753400736,
210419,-0.30516651143283346,
210491,-0.2886143578081128,
210516,-0.29201377677743656,
210733,-0.3018039453362581,
210849,-0.29733874684186135,
210856,-0.2940253004628799,
210936,-0.29949982950149134,
210993,-0.3266075221039552,
211014,-0.3266870997878691,
211055,-0.34156380407761505,
211098,-0.3350043363382198,
211105,-0.3342830958135117,
211279,-0.3206715751848532,
211360,-0.313873519547424,
211447,-0.3082197144376645,
211467,-0.3058417814843203,
211494,-0.3119683249471287,
211515,-0.3171035742380659,
211552,-0.3199029796152939,
211582,-0.30263910246717396,
211594,-0.2964248759116979,
211644,-0.3011866165834005,
211699,-0.2760838604710754,
211781,-0.24838616195173177,
211835,-0.246021517112522,
211887,-0.2438452120333092,
211943,-0.22923728340010766,
211946,-0.2254319189134629,
212032,-0.2449201814996096,
212238,-0.2810060399478832,
212248,-0.28187681460227204,
212273,-0.2760263655758104,
212603,-0.3135039989945164,
212737,-0.3339575612946453,
212752,-0.34565268017039386,
212823,-0.330207995862085,
212847,-0.32721802482114776,
212919,-0.32536584203258884,
213047,-0.3327619602042056,
213065,-0.3271574878593369,
213159,-0.3204100693407451,
213196,-0.32937181536175614,
213237,-0.3519190842663821,
213278,-0.3558573226839282,
213389,-0.3492350912350314,
213406,-0.34993637302471375,
213431,-0.33743981433576137,
213504,-0.385863566469485,
213518,-0.38634840146782023,
213584,-0.3897273432511112,
213698,-0.3972101400305966,
213716,-0.3979495792203189,
213798,-0.4004281437914933,
213856,-0.3812082781774921,
213941,-0.3526884753382225,
214041,-0.28194120110935417,
214327,-0.3282388979750835,
214372,-0.3361168076584496,
214514,-0.305658287539833,
214573,-0.28862062014732986,
214689,-0.2904549010559512,
214863,-0.3025470185319421,
215039,-0.3286131706574376,
215051,-0.3379863223224083,
215164,-0.333810335613438,
215178,-0.33365972731706045,
215308,-0.32156668952874656,
215398,-0.3083458128023745,
215438,-0.3082232716184323,
215446,-0.30395990932810135,
215733,-0.2861482704419038,
215927,-0.3096741598877678,
215970,-0.3100184524986613,
216080,-0.2561983892134354,
216153,-0.22945732430815408,
216166,-0.2216618617913541,
216190,-0.2263975249721521,
216203,-0.2203753448955318,
216220,-0.21708576307686836,
216223,-0.21116238526072853,
216251,-0.21321150408114073,
216353,-0.23235044313305814,
216449,-0.24096620417304096,
216497,-0.22832285879748024,
216541,-0.2328426663440073,
216569,-0.23959134083610287,
216676,-0.26372838151117173,
216681,-0.2633079314732133,
216912,-0.3032217030708338,
216943,-0.30317032064241284,
217052,-0.2762268264112414,
217093,-0.28024136853808107,
217178,-0.2869914397661006,
217262,-0.2782370858783924,
217592,-0.2537872810407186,
217803,-0.28133365350899026,
217982,-0.29022454555996374,
217987,-0.2877358613918061,
218209,-0.28271749765057763,
218270,-0.27670559677087264,
218279,-0.27797601535499344,
218343,-0.2720461515079512,
218389,-0.2906816579259145,
218445,-0.2959751046411366,
218684,-0.27263344298495906,
218687,-0.26873181457584655,
218691,-0.2670861981647498,
218757,-0.2775871476632773,
218805,-0.2526440692314121,
218878,-0.26214692850496457,
218898,-0.27217325074545967,
218901,-0.27812176419662576,
218946,-0.29235110620994886,
219025,-0.28868325642193776,
219037,-0.2899789457455712,
219130,-0.28186196617260095,
219205,-0.287149820336538,
219238,-0.28114320385996155,
219303,-0.28463076314293123,
219346,-0.27634217880751955,
219350,-0.2755090147532281,
219689,-0.22856757473851833,
219736,-0.22139830022089907,
219936,-0.271379647952711,
219937,-0.269046266224578,
219952,-0.27711770050464046,
220000,,-0.2561026101572649
220018,-0.2805208203800328,
220039,-0.25739705413608827,
220044,-0.255143149438568,
220302,-0.28415782359553765,
220326,-0.3017960496023695,
220561,-0.31670954827331965,
220623,-0.31059400470781623,
220656,-0.3135935667245249,
220714,-0.3056048085257924,
220733,-0.30689260154691267,
220810,-0.29502685860320016,
221001,-0.2942331126488888,
221112,-0.3517564208175723,
221186,-0.32837603315263264,
221194,-0.33383644753840636,
221253,-0.32819117185906527,
221278,-0.31739153954954824,
221347,-0.3048948735257407,
221366,-0.2932454249794464,
221566,-0.2462568142365741,
221577,-0.24493796657572517,
221618,-0.2530647062966017,
221663,-0.242984239072258,
221727,-0.25595958998517937,
221748,-0.2553556441522662,
221996,-0.25031485520584273,
222007,-0.2606296581984376,
222070,-0.2674282565574994,
222179,-0.2633120580916231,
222209,-0.2610236444948342,
222309,-0.3006227206255326,
222377,-0.27951719130857894,
222453,-0.27852480936440366,
222456,-0.27864384232419964,
222628,-0.2512533604345678,
222686,-0.23628485200894583,
222714,-0.2399995054177612,
222906,-0.2590830048811391,
223003,-0.2666442844136879,
223007,-0.2655530016270454,
223020,-0.2718903284536077,
223109,-0.27142875956677415,
223193,-0.25943047850931367,
223200,-0.270399080206386,
223290,-0.2475850423506854,
223315,-0.23956979531135264,
223320,-0.23286054536489195,
223440,-0.2094818068421179,
223476,-0.22373352557676565,
223492,-0.2221432913064097,
223580,-0.2375058371244384,
223636,-0.2518709257596125,
223713,-0.28165414984960324,
223773,-0.29201677108664287,
223839,-0.27470169947067336,
224001,-0.2818935245488757,
224120,-0.27152392545896264,
224126,-0.2700081117112052,
224160,-0.2652582711314416,
224168,-0.2727624411424075,
224170,-0.27128567608035414,
224348,-0.24735238764085224,
224456,-0.2671893984426333,
224598,-0.25121918165327156,
224918,-0.26918421334198817,
224933,-0.2721752280437031,
224970,-0.2754674775489491,
225135,-0.2749187225233521,
225192,-0.2835616420372083,
225197,-0.27933422141891456,
225257,-0.2864380959886721,
225301,-0.2757888896037591,
225463,-0.2899189099371138,
225548,-0.2792611908540381,
225654,-0.2970474991402395,
225666,-0.3033264126128206,
225676,-0.3070748300033582,
225706,-0.31265616817386305,
225869,-0.30336227055004095,
225987,-0.29887259400405414,
226003,-0.29024953182921764,
226024,-0.28977532354086427,
226047,-0.2847918268438438,
226117,-0.31057925438748696,
226225,-0.32314599272041816,
226264,-0.32787301722715934,
226277,-0.3349063487894312,
226345,-0.33419711173169225,
226573,-0.29202436096086315,
226578,-0.2976465706351556,
226661,-0.2954887710593895,
226666,-0.2982281020760605,
226676,-0.2993366009033286,
227111,-0.22716308905947766,
227118,-0.22578010038544857,
227243,-0.23474514927641355,
227330,-0.23657035729871384,
227361,-0.24719648615919612,
227381,-0.24855810851556126,
227448,-0.2654641998169154,
227468,-0.26910491203533005,
227546,-0.27593699291416124,
227585,-0.26212966109374625,
227789,-0.28151711854190503,
227959,-0.2760954254544801,
228002,-0.27771856283071394,
228084,-0.28521245515588317,
228121,-0.29548536103957757,
228151,-0.2973384745259465,
228328,-0.28906548423183515,
228563,-0.2603377139549117,
228765,-0.2272192061114148,
228842,-0.21053222333423627,
228932,-0.2472082410044511,
228957,-0.25394988553521963,
229007,-0.2798857437809593,
229082,-0.3078021889880987,
229152,-0.32212034141561946,
229256,-0.3265109679020242,
229355,-0.2955321776732638,
229601,-0.2650497662749836,
229611,-0.267911063410204,
229638,-0.2823150781055107,
229872,-0.2490113169154532,
229874,-0.2443176855705387,
229902,-0.24686320036044332,
230000,,-0.24970595766665216
230122,-0.24242849754543674,
230190,-0.27612261631999585,
230405,-0.2703115686424559,
230501,-0.2685421627517657,
230653,-0.2594630123057443,
230676,-0.2669758890569196,
230789,-0.282849162495502,
230795,-0.275426813549363,
230883,-0.2616226823987658,
230931,-0.26849712924550134,
230950,-0.2717448309414733,
231067,-0.25337110230490745,
231148,-0.2419910084152059,
231168,-0.2416357163652774,
231300,-0.2529786432232592,
231445,-0.2106345720957573,
231481,-0.2199492007448015,
231516,-0.21948800795056495,
231567,-0.21632482836787809,
231581,-0.2135380738930073,
231586,-0.2187836075358532,
231621,-0.22072225805823398,
231716,-0.24308396660071124,
231752,-0.2425941557053001,
231840,-0.2601153431673414,
232139,-0.24136459648702238,
232175,-0.21063874461513987,
232192,-0.20537873661750208,
232197,-0.20250376136920964,
232204,-0.19985472131819076,
232277,-0.22380597224707566,
232310,-0.22312437878329155,
232368,-0.23173829541494131,
232450,-0.2257426419478414,
232467,-0.22329536925449855,
232620,-0.24900439244927014,
232628,-0.25547791639914846,
232739,-0.2608700063884842,
232850,-0.3037982713291745,
232880,-0.3136526421936779,
232932,-0.33670936126229245,
232965,-0.31651411225737053,
232975,-0.3149043717573195,
233029,-0.28964703351142357,
233041,-0.28646920683666777,
233249,-0.21624392275390045,
233286,-0.21500182867630901,
233300,-0.22527072700118794,
233471,-0.25754729354479466,
233502,-0.2521956261292955,
233552,-0.2494143510445979,
233565,-0.2576927886279971,
233820,-0.29626436747747564,
233965,-0.2914066244918351,
234102,-0.291642087609632,
234230,-0.27781273863029926,
234261,-0.24681585629065472,
234289,-0.25273530042222697,
234304,-0.25009302719661763,
234352,-0.24719532132237965,
234401,-0.2512398706848685,
234437,-0.23928769330477906,
234473,-0.24194199511937772,
234488,-0.2373892466970444,
234558,-0.24102548436591545,
234580,-0.23848581524345921,
234612,-0.26078744334076887,
234716,-0.2599605892688582,
234729,-0.2515412139377548,
234744,-0.23132630614902572,
234783,-0.21829708148225002,
234825,-0.23572820914844717,
234867,-0.26051342611734035,
234920,-0.2742516730712472,
235235,-0.29199068345127466,
235317,-0.24024575670310655,
235469,-0.25923990816596726,
235534,-0.24115908204912354,
235666,-0.2505272603342952,
235667,-0.24674678105615683,
235731,-0.23043646168092963,
235805,-0.20732614757983117,
235837,-0.20662118312413721,
235989,-0.21006122045893605,
236013,-0.2083780103845887,
236015,-0.21776433049169594,
236047,-0.23321939535595754,
236104,-0.23197913063422684,
236188,-0.2285884729921776,
236284,-0.24550097283603947,
236505,-0.22131609228438026,
236515,-0.23094719866381894,
236561,-0.23978672897513392,
236617,-0.25557472998947567,
236648,-0.25748707389884823,
236743,-0.24741149453291572,
236787,-0.25347341020249986,
236967,-0.25061210356719643,
236972,-0.24923689507140406,
237006,-0.2516123099216775,
237136,-0.2595978224082456,
237194,-0.23441200222493272,
237248,-0.24467352791807864,
237329,-0.23723887851490616,
237513,-0.24024183194272772,
237602,-0.23299533133100214,
237607,-0.23848813528383228,
237710,-0.2618573862670482,
237799,-0.27051731503616067,
237830,-0.26662260670947746,
237853,-0.2543088223444704,
237907,-0.26148052452138737,
238125,-0.2551757031932207,
238282,-0.29438372919234596,
238359,-0.30758485246107875,
238499,-0.2794147314205154,
238530,-0.2846955263906392,
238573,-0.2952910988293986,
239024,-0.2712167648633504,
239059,-0.2376523260602828,
239076,-0.2409940713312275,
239179,-0.22692149165204065,
239270,-0.21342866878200561,
239298,-0.21042995037767814,
239360,-0.21742259826230623,
239392,-0.2130142890645493,
239463,-0.20594051093805443,
239555,-0.2001167232995258,
239726,-0.2104935914166713,
239760,-0.22215199600175775,
239765,-0.22382268459452168,
239864,-0.26627319059080645,
239877,-0.26790735832021656,
239965,-0.27425078446599155,
239982,-0.2799835605283084,
240000,,-0.2667102935412129
240026,-0.28989688483447906,
240197,-0.2405467400591849,
240208,-0.23319761039401055,
240333,-0.24925328204566577,
240341,-0.24431686714986176,
240465,-0.26337903748240465,
240470,-0.2653104579057162,
240555,-0.2437594644530213,
240561,-0.24465214414357286,
240641,-0.26444269453694036,
240649,-0.26271947330488177,
240667,-0.24495832975672308,
240692,-0.2500995424994098,
240776,-0.23676086642357144,
240803,-0.22679743830610466,
240835,-0.23018560082527212,
240839,-0.22723758196389413,
240926,-0.24290968827595452,
241094,-0.24398625293099108,
241185,-0.2235062937859043,
241209,-0.22795835233416653,
241237,-0.23545961647337552,
241252,-0.23312360546621946,
241277,-0.22403228052861934,
241325,-0.22743996240165212,
241427,-0.24141713409709906,
241436,-0.2283463124626979,
241478,-0.20551657233562928,
241487,-0.2064302963440646,
241629,-0.23813492055424512,
241634,-0.23878426168301853,
241741,-0.25318629771711865,
241797,-0.25084308194930827,
241872,-0.2918106654748027,
241909,-0.31041580229825727,
241921,-0.30544643971786706,
242017,-0.27316480018074746,
242171,-0.2277237080058552,
242211,-0.23216942517087233,
242221,-0.23285848499048595,
242279,-0.22382355811925198,
242397,-0.2779236844041349,
242402,-0.2787969234445364,
242428,-0.2832125897378435,
242609,-0.26296036634799735,
242610,-0.2628967791660275,
242858,-0.26546906348404226,
243369,-0.2477016263581415,
243452,-0.24620929487077192,
243523,-0.25430887389524937,
243571,-0.24994685167838113,
243653,-0.2648842597850407,
243688,-0.24592809677805633,
243726,-0.26350284392647844,
243731,-0.2635451425659815,
243775,-0.27314510512686213,
243783,-0.2718480551572955,
243788,-0.26954946928446266,
243892,-0.2867151083273618,
243931,-0.27559304622451175,
243964,-0.2604459983559855,
244008,-0.24963640637784182,
244287,-0.26398769864955984,
244307,-0.255069353136071,
244327,-0.2459906008609308,
244341,-0.2517259316026802,
244516,-0.26418530386673544,
244534,-0.26349458172552587,
244584,-0.2866538627352956,
244608,-0.2843971255218917,
244640,-0.2736089537561304,
244685,-0.2893776023177393,
244722,-0.2753378488299568,
244897,-0.2642875055913105,
244918,-0.24559696771525355,
244950,-0.25335351344579105,
244962,-0.2619826683941774,
244987,-0.2694230911582348,
245010,-0.26875736854531224,
245049,-0.2719191734505288,
245175,-0.2464742019301578,
245184,-0.24882265473834092,
245216,-0.24053030492021435,
245274,-0.23518605401570858,
245314,-0.21885006158672735,
245349,-0.2222061451992263,
245369,-0.23000264922496577,
245466,-0.21933885837768902,
245513,-0.2341526026257601,
245639,-0.25348902975873655,
245647,-0.2672818082365644,
245849,-0.3200965179094577,
245912,-0.3108484272387723,
245964,-0.31426123662093886,
245969,-0.3126401851932333,
245985,-0.3140115561103734,
246097,-0.27697622371714337,
246182,-0.2483522250669876,
246223,-0.25429897559273196,
246280,-0.2598904959106891,
246437,-0.2601279142740015,
246685,-0.25126365377877047,
246697,-0.23783458563868298,
246717,-0.24753225029472728,
246951,-0.24378041976564963,
246982,-0.24245873256848097,
246984,-0.2425990693203374,
246994,-0.24005587282319665,
247030,-0.24476257652867509,
247038,-0.24961364198376457,
247086,-0.24664361099386028,
247138,-0.24492161127671166,
247179,-0.2581598567547028,
247189,-0.2709728945145528,
247243,-0.2794971241734819,
247282,-0.2679626114999778,
247288,-0.2772135405409857,
247290,-0.2743082154644877,
247327,-0.24880233120692608,
247371,-0.2524755937348596,
247432,-0.2606581465975049,
247453,-0.26132347274261497,
247604,-0.2530328470312117,
247673,-0.25034266291699897,
247739,-0.2663506305920093,
247789,-0.23557195220397123,
247833,-0.2326556681318465,
248155,-0.21757800497726565,
248203,-0.2323697635099664,
248244,-0.21946658766528576,
248253,-0.20319179783255362,
248310,-0.2148318514929523,
248442,-0.2412481464890226,
248452,-0.23862420638563084,
248470,-0.2339095038116737,
248527,-0.2340249448999524,
248574,-0.23210406546411996,
248586,-0.2340943510925209,
248710,-0.23379654743807637,
248893,-0.23620142627720458,
248906,-0.23684289751021134,
248937,-0.22638177576662177,
249018,-0.2208877102996778,
249238,-0.24485464214997954,
249284,-0.24740753797307483,
249402,-0.22672606596728442,
249415,-0.2184261189872023,
249530,-0.22583398806359842,
249576,-0.2162298165582133,
249593,-0.22850364854991503,
249708,-0.263087266887446,
249734,-0.25728661131263036,
249753,-0.2617619010972019,
249816,-0.26818301574241593,
249833,-0.26346591473384395,
249844,-0.26482183567463335,
249925,-0.2454732324404647,
249973,-0.2632942585157274,
250000,,-0.24132351973067792
250055,-0.257601870187299,
250093,-0.2545233850801145,
250195,-0.23738087603474198,
250238,-0.2280170354980379,
250365,-0.23710837340306598,
250390,-0.23126381029467827,
250394,-0.23440614541242438,
250512,-0.2509578635946549,
250536,-0.2518550944358888,
250728,-0.28856832664356163,
250740,-0.28692996986987734,
250818,-0.28026295865487344,
250822,-0.2742640547731485,
250847,-0.276866011059383,
250871,-0.274602852632171,
250942,-0.25960645581327335,
251139,-0.23874698162718405,
251170,-0.24534773841011692,
251267,-0.2580475239728111,
251606,-0.3046237404995581,
251620,-0.31011630264251117,
251892,-0.26910826569955737,
251905,-0.2703650082037856,
252018,-0.23870705455346652,
252054,-0.22753993795962682,
252064,-0.23051320550287302,
252068,-0.22473176417820484,
252113,-0.2429806197759146,
252216,-0.24433350074028573,
252233,-0.23311702084470695,
252262,-0.23009581278756844,
252358,-0.23707762542976796,
252392,-0.23926142080427115,
252411,-0.24672830832196982,
252464,-0.2596654777222479,
252479,-0.2617983478543019,
252496,-0.25872623705578734,
252535,-0.25914120792755624,
252572,-0.2730168332636532,
252723,-0.26436380753265853,
252781,-0.27771423735719564,
252790,-0.27743205035168383,
252958,-0.2410415959713509,
252991,-0.24821440524796975,
252996,-0.24698547648875302,
253009,-0.23574454651576615,
253155,-0.25974025087055286,
253249,-0.2441391951829344,
253293,-0.2390880708256528,
253312,-0.24419073190259247,
253426,-0.2418974565441959,
253502,-0.2159217907728341,
253554,-0.24802730691439837,
253565,-0.24172224183643348,
253898,-0.26363646422290726,
253901,-0.25477611083606017,
253969,-0.23831146820708746,
254000,-0.22752856871753002,
254074,-0.24574556960782665,
254357,-0.25835153084632556,
254612,-0.24794180124016585,
254770,-0.2556674174577882,
254779,-0.25620617948999436,
254784,-0.2567802333142586,
254898,-0.2591424757273456,
254998,-0.2519147260556301,
255140,-0.2302685606061307,
255149,-0.2353814914986913,
255198,-0.24393614902005434,
255262,-0.24228421485212828,
255344,-0.2269955551119761,
255482,-0.2649849410742321,
255504,-0.2570639682150583,
255555,-0.24686966761583665,
255568,-0.2518075272711437,
255590,-0.2508328950006704,
255666,-0.23133732412264518,
255727,-0.23933567503507572,
255776,-0.21338106556231246,
255781,-0.2096021189314718,
255817,-0.19554907700265314,
255853,-0.19458463050084712,
255897,-0.20553926519687737,
255939,-0.2162053164896177,
256054,-0.23319720174457548,
256162,-0.26605698111654486,
256292,-0.24967461043177508,
256307,-0.2623231316128962,
256312,-0.26497925268903233,
256333,-0.254452695188,
256352,-0.24186489143816126,
256357,-0.24388129655471555,
256528,-0.2689518570501721,
256595,-0.280722955758189,
256646,-0.29140508000967885,
256656,-0.28842077653099724,
256676,-0.29360572608606783,
256725,-0.3112794591412708,
256801,-0.26612857294584386,
256876,-0.262518751267902,
256906,-0.2724421411056416,
256918,-0.2674115144547807,
257117,-0.27040457691165665,
257133,-0.2713795936842093,
257196,-0.29468142277261367,
257373,-0.3050002845505364,
257398,-0.3124417513152028,
257492,-0.3082996500752709,
257553,-0.31237925584444176,
257592,-0.3167238164426162,
257647,-0.30322936342557033,
257702,-0.3061089158472898,
257749,-0.3109736696317179,
257860,-0.27880300747250286,
257957,-0.25307539787727285,
258011,-0.26504610839047177,
258078,-0.2598620157581485,
258127,-0.2717904477171924,
258169,-0.2857748471590764,
258217,-0.2682001325890362,
258247,-0.26803092101457726,
258284,-0.2711073108170481,
258354,-0.2664996572149708,
258363,-0.2641419927461317,
258447,-0.2379167622270525,
258454,-0.23545747469337908,
258492,-0.21831152205541998,
258672,-0.24179418974006273,
258773,-0.2617719195829329,
258813,-0.26087477546852045,
258921,-0.2363895169739767,
258941,-0.23264579706443186,
259038,-0.23909244056004514,
259046,-0.23678461997387187,
259290,-0.2111050237555985,
259445,-0.23223191248526104,
259693,-0.2622159316136236,
259758,-0.26894544815319,
259821,-0.2598001609473867,
260000,,-0.25186407956416335
260003,-0.2792544069773678,
260126,-0.2797996957098391,
260361,-0.24801181120916746,
260461,-0.23853564485415585,
260463,-0.24235686123412603,
260483,-0.22847380183745336,
260503,-0.2276748659104406,
260504,-0.2258600938636876,
260514,-0.22241079386222662,
260523,-0.21977335437422613,
260598,-0.24897961350793626,
260653,-0.23548370515358757,
260692,-0.2441164422184007,
260713,-0.249972505893043,
260792,-0.27548381271774214,
260803,-0.2790002487344146,
260814,-0.2673494566563269,
260855,-0.2610296685585684,
260898,-0.26470198249160737,
261046,-0.22918656771045465,
261125,-0.2191790046776657,
261180,-0.2283737859082832,
261262,-0.2306295422445807,
261281,-0.23653513237811463,
261387,-0.26120937034465,
261423,-0.25441333793952803,
261432,-0.25129455819320745,
261507,-0.2307416622870129,
261557,-0.24155852233716843,
261567,-0.24360027535160722,
261580,-0.25566697998375004,
261780,-0.23089919817683818,
261989,-0.23639046111913245,
262060,-0.25161361490715756,
262093,-0.2626057141934963,
262129,-0.2640951149034763,
262395,-0.2868626315531977,
262504,-0.302525665020468,
262546,-0.3185355923228923,
262620,-0.31012313049302453,
262728,-0.3335903704120129,
262741,-0.3226928434241718,
262878,-0.2939227892306089,
263060,-0.28080786965642834,
263075,-0.28094596690167795,
263263,-0.2678855648819292,
263367,-0.2670748414860888,
263422,-0.2831219068780148,
263566,-0.3094313055540731,
263602,-0.31354898041502965,
263607,-0.312314952191391,
263621,-0.3092777794360327,
263654,-0.3046474570774819,
263669,-0.3005711719984323,
263735,-0.31022604134836756,
263792,-0.3107696630244716,
263867,-0.30528236837949424,
264045,-0.26400645439362536,
264068,-0.2671495546483764,
264080,-0.26354489723180136,
264335,-0.33277365330212194,
264340,-0.3337465880607947,
264437,-0.3458908961416203,
264524,-0.32131513340466983,
264571,-0.2987634967958206,
264601,-0.2767007617514745,
264707,-0.24647755632496382,
264725,-0.23265845296426899,
264770,-0.22046379307018282,
264821,-0.23735330383441053,
265064,-0.2562929671228964,
265106,-0.24624266906790168,
265107,-0.24478801290201094,
265122,-0.24989861900378305,
265125,-0.2464365178236364,
265224,-0.23799925237086772,
265305,-0.26558912537898616,
265348,-0.27152717235837054,
265498,-0.3148804540417692,
265508,-0.32040735587697233,
265539,-0.3235591143996448,
265683,-0.34335364286154735,
265694,-0.3295229593797224,
265752,-0.3100248739797085,
265784,-0.32438085071987816,
265871,-0.28358767251553674,
265938,-0.2769574859301613,
265954,-0.2664643593558753,
266140,-0.28338834247686806,
266150,-0.2826448012646949,
266285,-0.2944865428463099,
266312,-0.2994048281514931,
266629,-0.3046047357468837,
266660,-0.30544113861194033,
266719,-0.30184813416181877,
266773,-0.30481835515483974,
266911,-0.3093386007600104,
267046,-0.3276112485193494,
267068,-0.32502385314989174,
267072,-0.3245712490381083,
267139,-0.3210428400903489,
267141,-0.3171647577960501,
267188,-0.314843433270489,
267255,-0.32604267609587695,
267285,-0.3171666964879794,
267347,-0.315425916649885,
267357,-0.3183095443787941,
267417,-0.31080966971171664,
267434,-0.3110367738917279,
267463,-0.297501901281621,
267500,-0.29916956188447824,
267647,-0.2943027098759614,
267720,-0.2596446140753803,
267755,-0.23697882293324074,
267770,-0.24322955133353463,
267932,-0.2241447169475955,
267950,-0.23197646321541296,
267952,-0.23226164745115838,
268120,-0.27852522985920347,
268131,-0.2791575059263876,
268185,-0.2908750593323218,
268216,-0.2902928911094952,
268434,-0.282630439244697,
268456,-0.2716611501705448,
268494,-0.28799571590603606,
268504,-0.2835677917747846,
268661,-0.2553604644215742,
269070,-0.2737708643902217,
269185,-0.25518940600847523,
269519,-0.28024510015402687,
269555,-0.27553422891648416,
270000,,-0.25009619010339423
270018,-0.2685417492667605,
270118,-0.24421492787686438,
270130,-0.23853375819479045,
270213,-0.26003046539317937,
270225,-0.26359768520397664,
270425,-0.2741620429697607,
270517,-0.2796615217025727,
270546,-0.2642910036562512,
270574,-0.2601203046271461,
270601,-0.24538020213497874,
270753,-0.24469578436288902,
270989,-0.27965227081445243,
271082,-0.2784679161299309,
271228,-0.2590053538602002,
271294,-0.22573833471245613,
271347,-0.21961665182554543,
271517,-0.21231305358023525,
271544,-0.2350044648167869,
271564,-0.24092818179770845,
271569,-0.24219143107315044,
271686,-0.30283308555047184,
271731,-0.2974244039930903,
271742,-0.28430056758552286,
271792,-0.2755576940213798,
271911,-0.32015789409102025,
271990,-0.28469067383372626,
271992,-0.28430876211343076,
272250,-0.2390974204332171,
272289,-0.23435861443117656,
272317,-0.23584447864287467,
272318,-0.22952606782261395,
272325,-0.2287127642098007,
272331,-0.22666261093673307,
272487,-0.27021320536541027,
272548,-0.27399010364865706,
272589,-0.27422123064640364,
272608,-0.2827706428885755,
272661,-0.2992662507703493,
272717,-0.30808090304987085,
272738,-0.3089616799531775,
273011,-0.2251256928592973,
273247,-0.2855635054486639,
273329,-0.2796302584790515,
273347,-0.26922942579170994,
273462,-0.2868095868834118,
273519,-0.28886272269328367,
273527,-0.2867685228518246,
273815,-0.28019307194067494,
274036,-0.26970942248230173,
274119,-0.2615184782247908,
274279,-0.24996041012855122,
274285,-0.24739046650696458,
274345,-0.24905168175282572,
274614,-0.31118148122374867,
274632,-0.307813832089829,
274637,-0.3053867433182565,
274654,-0.2984134316721383,
274663,-0.3063961419735858,
274670,-0.3083936151627001,
274693,-0.3189100916531222,
274728,-0.3248429972155806,
274748,-0.33929748065274834,
274877,-0.34579261778509635,
274884,-0.3531803804166983,
274916,-0.35904366697026063,
274940,-0.36328567861220146,
275038,-0.3665716771364159,
275053,-0.3724281559637038,
275105,-0.35252522058451236,
275143,-0.36019926162162164,
275310,-0.3155597475839775,
275332,-0.317011847503848,
275343,-0.30696879370075036,
275403,-0.2647838559524916,
275438,-0.27015363501620515,
275616,-0.25008089753350415,
275649,-0.2630455614586317,
275763,-0.3073659890678654,
275837,-0.3057279868465623,
275851,-0.30810155287155916,
275861,-0.313233618302136,
275895,-0.3172431605507957,
275926,-0.3259558730827567,
276066,-0.2574933444749311,
276106,-0.24115652685985633,
276127,-0.25312786752890176,
276186,-0.24879104221415865,
276352,-0.30430582828676245,
276402,-0.3152411761720673,
276410,-0.3187613379189311,
276426,-0.3113987159725112,
276439,-0.3149661474627283,
276473,-0.3162343648938165,
276489,-0.31774891257984555,
276571,-0.3281319306501505,
276627,-0.3109190832817133,
276649,-0.30383948984251175,
276671,-0.31681003734091284,
276729,-0.3112915725866956,
276861,-0.29707473570653903,
276868,-0.29253919849765564,
276916,-0.2950425810857303,
276969,-0.28763137215610163,
277161,-0.2987956620913204,
277221,-0.3217706950019339,
277336,-0.3535600738643093,
277351,-0.3345180984398006,
277468,-0.3316250538880585,
277473,-0.33046288322987666,
277530,-0.32848254613236166,
277574,-0.31946306487815074,
277580,-0.3189446565660375,
277595,-0.31507196058051895,
277736,-0.2838002746324634,
277804,-0.24528088697329423,
278180,-0.36318008616835284,
278188,-0.35527751997815005,
278211,-0.33592056138270926,
278247,-0.31435626291910274,
278306,-0.3066356668640344,
278331,-0.2887815826202674,
278444,-0.27750100228032304,
278464,-0.28463341364813904,
278475,-0.2769653667357961,
278488,-0.2678498404744387,
278508,-0.2794802079823199,
278571,-0.2964876198527617,
278580,-0.29679034449909336,
278625,-0.31741608695835605,
278626,-0.3108570074721532,
278754,-0.33153948878958944,
278772,-0.32066457464731035,
278926,-0.24761392551157488,
278935,-0.2494179442227718,
279016,-0.24048169547562767,
279040,-0.23589275213680005,
279196,-0.23897981806593446,
279551,-0.25835358474491377,
279596,-0.27152365092963365,
279615,-0.2711574373206698,
279685,-0.23341782615673878,
279690,-0.2236170564499808,
279767,-0.22694883304259506,
279843,-0.2324438750355057,
279869,-0.24345757803254384,
279887,-0.2336659330992358,
280000,,-0.3491694804040206
280370,-0.32486941587624474,
280419,-0.3239175946884806,
280564,-0.2863884065594442,
280576,-0.29151622816653494,
280792,-0.26659817573738204,
280868,-0.2687627725364046,
280885,-0.269927459014481,
280940,-0.24275742600447933,
280948,-0.2511919726854804,
280953,-0.25142613745688885,
280977,-0.24874760587059214,
280994,-0.25522249234941813,
281008,-0.2354678027716536,
281013,-0.2368642872231545,
281096,-0.22024805846915746,
281153,-0.2030237722022843,
281197,-0.20114223237068177,
281256,-0.2304795450607753,
281283,-0.2426796195145997,
281329,-0.24212229294065785,
281359,-0.26594137097534803,
281405,-0.28458363811158266,
281418,-0.291769663377405,
281445,-0.3038897766053977,
281510,-0.3222777844435656,
281551,-0.3310522479165822,
281907,-0.2896302835272297,
282096,-0.2625466479619913,
282251,-0.2387195283549832,
282260,-0.23165458870114947,
282637,-0.29083141210175373,
282700,-0.2875357772246476,
282800,-0.26274192223584464,
282848,-0.2483237899889069,
282907,-0.241673983837861,
282982,-0.20207217525135185,
283200,-0.22841922114392368,
283506,-0.28292480504702483,
283578,-0.2759888072911699,
283613,-0.28640281950590213,
283682,-0.27035657515068207,
283917,-0.2950361298390757,
283972,-0.2841600957597431,
284063,-0.279152807289746,
284068,-0.27827492905785506,
284105,-0.26167622425826015,
284168,-0.24296859491118872,
284185,-0.24795656771851374,
284210,-0.23408492924700888,
284240,-0.2385349600270361,
284284,-0.22280140980915314,
284550,-0.26429647854072,
284611,-0.27856618897025637,
284661,-0.29649437620231434,
284769,-0.2821656032160482,
284786,-0.28410495655045437,
284953,-0.2637367694474413,
284974,-0.24987264365301823,
285131,-0.2715253395631407,
285407,-0.27794855501536025,
285455,-0.27645026394317385,
285558,-0.2681076946825794,
285572,-0.2571571883725257,
285749,-0.2463015972336614,
285987,-0.23729567842277702,
286052,-0.2508709392306925,
286054,-0.2556992135606452,
286090,-0.26164191755379634,
286095,-0.26335174301736175,
286150,-0.2615109599664041,
286239,-0.2815585783390798,
286280,-0.2620014177035657,
286294,-0.2567192559951983,
286345,-0.2580828483139158,
286509,-0.2608075448845616,
286513,-0.266074284681199,
286527,-0.26956310763247804,
286542,-0.2602272216601055,
286581,-0.25234104372518035,
286720,-0.2700647252354032,
286729,-0.2720507905172979,
286739,-0.2746466322840974,
286872,-0.24347190428797094,
286959,-0.26008561370632627,
287034,-0.2674073539723357,
287060,-0.27346239277344847,
287108,-0.2815439095600007,
287153,-0.28777977640501673,
287173,-0.3025903693511694,
287342,-0.29191928080838325,
287384,-0.27529638439915,
287408,-0.2706767715418644,
287453,-0.27236976535074026,
287542,-0.25820784193816154,
287571,-0.2658989125316018,
287584,-0.2757927005139272,
287591,-0.27587551321244835,
287637,-0.28401468766388144,
287851,-0.29126923318314046,
287860,-0.29267966336114365,
288056,-0.27395096361510746,
288231,-0.2638853474893665,
288341,-0.2815408610006034,
288349,-0.2753310516194465,
288384,-0.2764719603762418,
288414,-0.27703068335966247,
288479,-0.24748471103450093,
288550,-0.2481114471903872,
288672,-0.22448148070644047,
288769,-0.2292702949520495,
288817,-0.2637958348111105,
288954,-0.26616187190435087,
289024,-0.2742737496798389,
289070,-0.290675990722723,
289318,-0.24189108499368644,
289400,-0.23787741525831463,
289407,-0.22343382911970663,
289432,-0.2244035749339781,
289514,-0.22010135773828637,
289536,-0.2267648222887396,
289552,-0.22635220128061298,
289609,-0.23425957354702376,
289749,-0.24297608633021844,
289811,-0.2796059101114978,
289820,-0.28944167528096704,
290000,,-0.22569636992426176
290295,-0.2918845934883661,
290389,-0.29332151719277816,
290583,-0.25788500636701306,
290786,-0.26594908166222275,
290857,-0.2641747548880122,
291031,-0.29179406449155854,
291053,-0.2932027940748578,
291071,-0.2918695634075683,
291134,-0.27391316917867925,
291235,-0.2649417889941313,
291247,-0.25068262568147603,
291335,-0.2392768793476299,
291508,-0.29315858574897785,
291531,-0.300518964100688,
291620,-0.3183357710826566,
291659,-0.32033210778584187,
291756,-0.30431853844832857,
291975,-0.2596323316067406,
292020,-0.25346167617591636,
292041,-0.2435308915998636,
292160,-0.25783295012922725,
292244,-0.25714462737915844,
292393,-0.25184589619262393,
292472,-0.2507172000693615,
292489,-0.26151212742893415,
292624,-0.26701474310089185,
292630,-0.26852833560791334,
292685,-0.2646421521182918,
292716,-0.265904503577373,
292756,-0.25757928247131184,
292843,-0.24785616809313424,
292852,-0.23587383892910518,
292887,-0.23504464138959716,
292998,-0.2614315655532444,
293168,-0.2488050064184484,
293222,-0.2752300186809909,
293334,-0.263687696063275,
293394,-0.2684761493812701,
293413,-0.25401306232894,
293445,-0.23941824396507158,
293498,-0.25346112169907903,
293553,-0.2371771201793742,
293559,-0.23016872934690852,
293575,-0.2282815549396264,
293618,-0.20438473330909449,
293651,-0.21435652122560123,
293666,-0.20965866716945972,
293741,-0.20252178575350827,
293765,-0.20295077841511877,
293829,-0.21403343452539997,
293839,-0.21441942736495856,
293847,-0.21934304052546685,
293852,-0.22195192877521822,
293880,-0.2331671178263402,
293993,-0.2248446388241768,
294052,-0.22663905819323063,
294182,-0.25549342191239355,
294260,-0.25340176634126577,
294321,-0.2696132346850416,
294363,-0.2695320075078138,
294557,-0.2692103100703699,
294597,-0.24439071851198427,
294683,-0.24543113606930558,
294741,-0.2388893488956919,
294751,-0.24815842280737244,
294791,-0.22391799485124025,
294930,-0.223930615806452,
294953,-0.22232232606137858,
294963,-0.22546215312615941,
295139,-0.2423020301218174,
295148,-0.23828603144507873,
295164,-0.23284000672918082,
295171,-0.23078883557705052,
295176,-0.23191438922811458,
295247,-0.22466522928293345,
295317,-0.26671602562065405,
295325,-0.2708578625065847,
295493,-0.264527747013631,
295532,-0.25952026260162436,
295544,-0.26405356079088227,
295566,-0.26110740421510387,
295635,-0.26407154414375084,
295835,-0.2346260617102027,
295952,-0.22512026084108686,
295994,-0.2411908585173917,
296085,-0.21112540247354444,
296087,-0.21507957725351065,
296096,-0.21450104966611938,
296138,-0.23374334526365917,
296150,-0.23640325671537202,
296180,-0.24881931696590762,
296239,-0.23450792353239627,
296250,-0.2359662276075259,
296291,-0.25520693096032704,
296514,-0.26594668418849576,
296537,-0.2627380739176586,
296551,-0.25859336342484196,
296672,-0.2728498430823299,
296738,-0.25870534844732307,
296773,-0.2540617137749884,
296879,-0.2923320626463044,
296886,-0.29871608631017266,
296891,-0.2976097892233108,
296915,-0.297539711540328,
297077,-0.2820699739361394,
297090,-0.285384056855532,
297186,-0.2591447439479453,
297194,-0.25029851313571355,
297240,-0.24411963593622724,
297315,-0.25567020730418494,
297345,-0.2429120136638116,
297493,-0.2364023562752374,
297568,-0.23942063773240294,
297588,-0.24622300431418798,
297609,-0.24994786572717342,
297706,-0.23456541280452559,
297737,-0.24424669762447465,
297769,-0.24452091870176346,
297887,-0.27186207891932607,
297911,-0.26340510764159164,
297983,-0.265242361846722,
298047,-0.28536138895158614,
298167,-0.28793663699384897,
298172,-0.29041397809503017,
298199,-0.2807986564660468,
298257,-0.28040661021684904,
298270,-0.2751060037265626,
298300,-0.27580621901016394,
298321,-0.271958639275141,
298532,-0.2787531035357865,
298537,-0.27287955208155273,
298544,-0.2692852390077855,
298650,-0.28358224679565136,
298698,-0.28937055092190944,
298722,-0.28901918912420843,
298737,-0.2921272383021888,
298786,-0.30885961792734495,
298808,-0.29905373240667993,
298876,-0.271724855846523,
298977,-0.2704965377122436,
298992,-0.272925325149562,
299058,-0.24948644918701451,
299172,-0.24237005803450987,
299203,-0.24559950818025914,
299252,-0.2551558233707232,
299290,-0.26177690262926,
299312,-0.2707549031569979,
299407,-0.2494872590513734,
299437,-0.2502153868430894,
299543,-0.2475760195518897,
299562,-0.25331515000590177,
299582,-0.25816466502624724,
299740,-0.247113108697603,
299745,-0.24990632094010756,
299802,-0.26436817936800766,
299854,-0.26220885817699996,
299875,-0.2517321857526084,
299983,-0.24610914187988503,
300000,,-0.26779523068135497
300097,-0.2579399231125963,
300353,-0.23923991047331206,
300432,-0.21367519816002964,
300691,-0.2585038621283623,
300731,-0.2675243912454681,
300758,-0.29166886783000817,
300854,-0.3032001912056719,
300938,-0.31725625464997803,
300952,-0.3272177628364728,
301005,-0.32248406165907006,
301007,-0.318730038345638,
301053,-0.294887588264656,
301063,-0.2957902503639643,
301279,-0.2863767177210661,
301324,-0.2870653334365676,
301354,-0.3060331005306595,
301359,-0.3064424270924494,
301387,-0.31767881370949275,
301482,-0.2986263554817609,
301543,-0.2961745306436125,
301602,-0.26872296594070183,
301618,-0.2515089426788257,
301661,-0.2351452120930729,
301693,-0.22107926620641943,
301910,-0.22609596121120265,
302051,-0.24799487715509735,
302219,-0.2333375680662935,
302302,-0.24200963243982104,
302384,-0.24552444422542663,
302391,-0.2449175684050408,
302439,-0.22959320616521223,
302538,-0.24511720089590797,
302559,-0.24790690533240844,
302627,-0.2733994978962426,
302653,-0.278575341812084,
302690,-0.2641336915904488,
302696,-0.26204506864873095,
302765,-0.2709705299121578,
302772,-0.2610672984342303,
302823,-0.2687076364598066,
302947,-0.2588037944248797,
303058,-0.24099040836280813,
303068,-0.23682547521373823,
303123,-0.2586866087920156,
303190,-0.23826944708121062,
303270,-0.262379938445677,
303401,-0.27828478822467856,
303561,-0.32289257802308485,
303599,-0.3183078239723566,
303639,-0.31227276866617953,
303761,-0.294980333658113,
303788,-0.2922051949400938,
303865,-0.2669581202802226,
303897,-0.23372515725578025,
303949,-0.22469429199393218,
303965,-0.23837531753752061,
304047,-0.2183788239840777,
304101,-0.2230940108622827,
304292,-0.26464324781332976,
304442,-0.2975186660212567,
304447,-0.2996239016685762,
304575,-0.28510935838418006,
304611,-0.28750611159654715,
304618,-0.2899839543225587,
304739,-0.25783551888307743,
304751,-0.2479222581868517,
304837,-0.2550230063761838,
304860,-0.2550430401719307,
305086,-0.2838394016257264,
305124,-0.2868676381398252,
305145,-0.27560463305617505,
305321,-0.29421687857317785,
305349,-0.2925424772805138,
305428,-0.2947924053555618,
305597,-0.302066927113651,
305612,-0.30127007699029223,
305614,-0.3018260003144209,
305693,-0.2872036496177472,
305806,-0.26596526248803576,
305811,-0.26393491768391075,
305870,-0.27198582552199935,
305882,-0.26807885732316045,
305897,-0.2619025593442715,
305917,-0.2675029260107108,
305937,-0.26898288559281275,
305945,-0.27159726052834626,
306041,-0.241318484491286,
306205,-0.24328436972566705,
306222,-0.23930970733512896,
306323,-0.23583247786498454,
306333,-0.24941849803787222,
306342,-0.24575473336650627,
306377,-0.25274438767513396,
306664,-0.24953552053599007,
306714,-0.2416156470444273,
306849,-0.22690072549837784,
306872,-0.23979079331520797,
307074,-0.23328003090629468,
307174,-0.2533166383253339,
307226,-0.2628147786406242,
307299,-0.2558544839759612,
307469,-0.25357879965380276,
307495,-0.2588127727721466,
307710,-0.25797567459957377,
307827,-0.2808868331865674,
308038,-0.2568182394451553,
308063,-0.2650473050344459,
308162,-0.2595335731881108,
308181,-0.2504241002447485,
308482,-0.2750988296581935,
308612,-0.2921809341185401,
308722,-0.3036304318158687,
308768,-0.29489974451241596,
308775,-0.2925026384227414,
308836,-0.2950579836286892,
309047,-0.2604320014838267,
309073,-0.25220874289602685,
309110,-0.24030192707288997,
309144,-0.2406861580933399,
309170,-0.23080559344498813,
309315,-0.23713942426411933,
309322,-0.24087523427020513,
309343,-0.2500693058424762,
309563,-0.3177059483116699,
309597,-0.31495294833586235,
309689,-0.29943071669522514,
309714,-0.2857832177622869,
309739,-0.2730996722032244,
309815,-0.25220554950931284,
309826,-0.24936867711391042,
309989,-0.2392770583283224,
310000,-0.24418627599190457,-0.24930417558723286
310061,-0.22590187786301388,
310091,-0.2129262050975253,
310100,-0.21542667733139165,
310133,-0.21929561412710136,
310217,-0.22853749823792296,
310229,-0.23639580452404005,
310327,-0.22622502580812945,
310379,-0.2509564473411425,
310401,-0.23957223212796674,
310510,-0.25495305002428936,
310524,-0.25995927778948646,
310533,-0.2544058072705601,
310661,-0.23992250349211675,
310694,-0.20683638776122648,
310767,-0.21723781735262596,
311030,-0.23005860497250866,
311039,-0.23005086940546335,
311088,-0.24468433026288192,
311176,-0.25501659729550413,
311186,-0.2541505496589094,
311221,-0.2621071579973908,
311239,-0.26884373962298297,
311404,-0.27590796181711236,
311445,-0.28176905633161475,
311475,-0.28434193940603836,
311512,-0.299245364820281,
311612,-0.29070187326190466,
311684,-0.3048788477112008,
311718,-0.3095526388230461,
311853,-0.31469593319066647,
311874,-0.3135507475218267,
311903,-0.31363057968614694,
312004,-0.3251266382975354,
312099,-0.29690822116430016,
312109,-0.29982132537347905,
312183,-0.2937838480860522,
312308,-0.262087223849968,
312350,-0.2600085693386357,
312404,-0.26033017753842114,
312407,-0.2622519365622022,
312471,-0.25237222739598736,
312532,-0.23026506486724396,
312583,-0.23785034971855176,
312621,-0.24335384551350944,
312651,-0.24935674659903298,
312715,-0.24050444800947632,
312807,-0.24481133656270437,
312859,-0.24868610973093028,
312901,-0.28138783350225327,
312934,-0.28556984050691403,
313041,-0.28680539393539994,
313061,-0.2875644152935066,
313075,-0.29051006414623015,
313101,-0.29022475348471244,
313142,-0.28146545971173575,
313234,-0.2849019411457738,
313289,-0.28010021123718515,
313314,-0.27940264915161583,
313344,-0.28322778098237567,
313406,-0.28447529517083187,
313717,-0.2793947389767556,
313733,-0.27881304253305245,
313774,-0.2628941588452836,
313810,-0.260180426876505,
313843,-0.26068983549504704,
313864,-0.24110221267648413,
313873,-0.2431204699257199,
313915,-0.23066547572347282,
313983,-0.2319161999162413,
314059,-0.2355193176151191,
314106,-0.23042293289414986,
314402,-0.2429221862449969,
314538,-0.254330071244631,
314680,-0.20527736226443982,
314846,-0.19252029565127746,
314943,-0.22542862724917648,
315036,-0.24493460931942837,
315112,-0.24048786004341247,
315155,-0.25991772128507173,
315256,-0.24962307617902937,
315307,-0.23871638144004773,
315374,-0.254343048211724,
315460,-0.2638993496053692,
315598,-0.29754717544230513,
315654,-0.3037043445400901,
315710,-0.30462197750694675,
315712,-0.3075141239365619,
315741,-0.3035245754745414,
315748,-0.30683662007192924,
315922,-0.2985765590137954,
315947,-0.3012648461628386,
316018,-0.28744804754588205,
316066,-0.29395175630293463,
316189,-0.32061991490837777,
316203,-0.32067116246410343,
316222,-0.30643156297222157,
316290,-0.2870357644934669,
316512,-0.23868607395902633,
316625,-0.2625275630154736,
316662,-0.2767131098709544,
316695,-0.2681149406218338,
316856,-0.3220468815738534,
316917,-0.3184853304405746,
316930,-0.3216062273110794,
317029,-0.32036577739412686,
317053,-0.3289598489918545,
317156,-0.3261767214698827,
317201,-0.3149415251962586,
317206,-0.31503448751291796,
317217,-0.31704465948141425,
317299,-0.32075655080801846,
317332,-0.3283445623106718,
317454,-0.3280732160452176,
317527,-0.33909260827464893,
317545,-0.3511350688642845,
317569,-0.3672827386607754,
317611,-0.39319659434278115,
317744,-0.3723673707133016,
317799,-0.4070597408369093,
317865,-0.3876753438082168,
317897,-0.4029901549701618,
317907,-0.3893326548363625,
317941,-0.3834151884413614,
318142,-0.27852876879093835,
318258,-0.23213314627046214,
318443,-0.24472655224314735,
318487,-0.24601014911786476,
318600,-0.21375269867689742,
318620,-0.19917008735606825,
318661,-0.2091619956010355,
318670,-0.2004782400957939,
318702,-0.18530300151978168,
318751,-0.17532456893195275,
318825,-0.17708304713664144,
318897,-0.21025125205180084,
318953,-0.23760453782273597,
318994,-0.2353425145392345,
319124,-0.25434792351343183,
319137,-0.24916541357788244,
319142,-0.24875476968931437,
319177,-0.2652415889799897,
319205,-0.2621628004452711,
319230,-0.26473720341878915,
319238,-0.26355522300488,
319422,-0.24722680752786855,
319510,-0.2627304807509384,
319512,-0.26023869568588653,
319574,-0.24784663100566565,
319590,-0.2425565264788493,
319631,-0.21963773073263457,
319728,-0.2540242274797819,
319730,-0.2540274503421825,
319765,-0.25843454066516364,
319884,-0.2748868777470772,
319891,-0.2768993320485309,
319895,-0.28369529850885383,
320000,,-0.29486103438854805
320013,-0.3132990406740685,
320019,-0.30931908081616105,
320089,-0.29836401098107557,
320120,-0.2875188572172835,
320127,-0.29102210587857186,
320167,-0.31101379147873676,
320204,-0.3077221813273921,
320216,-0.31148570426544747,
320356,-0.31677389763204394,
320394,-0.3280354813542067,
320519,-0.3058479285092998,
320587,-0.28688446914477567,
320629,-0.2882592979380847,
320632,-0.28156610313906233,
320655,-0.2859790936110711,
320709,-0.2916149725299686,
320777,-0.26530681095031255,
320856,-0.26584198911936957,
321007,-0.27063815746792946,
321069,-0.2847368336220038,
321117,-0.29066559501919825,
321218,-0.2727505267264234,
321244,-0.27725512711752126,
321264,-0.2852720629072747,
321339,-0.29579322253867424,
321406,-0.29490603842965885,
321487,-0.30701447242827706,
321520,-0.3279587178992899,
321634,-0.3121604189088073,
321695,-0.31140872686629584,
321756,-0.313610524526119,
321850,-0.3072437992931051,
321905,-0.35670293446202883,
321921,-0.34751033816259097,
321927,-0.3460832447647585,
322006,-0.3444791341998485,
322061,-0.3279383963960802,
322090,-0.3100958926362012,
322111,-0.3175786679624943,
322164,-0.30294266787199736,
322185,-0.3082997572898296,
322188,-0.2996113308556433,
322238,-0.30124291524372077,
322344,-0.32610780270791095,
322350,-0.3254760020124499,
322358,-0.33060279128956066,
322426,-0.3552785386024662,
322526,-0.3638415603995323,
322572,-0.3462849146616558,
322614,-0.3532562080680882,
322632,-0.35127955067628946,
322733,-0.3665062002444198,
322965,-0.43137846048273976,
323043,-0.40614093011243146,
323084,-0.4123473866586235,
323317,-0.412985680202358,
323324,-0.41596033197797644,
323341,-0.42540129821422745,
323363,-0.40985497437752777,
323370,-0.40715306458235945,
323447,-0.3644318223614438,
323459,-0.3548992216723488,
323573,-0.32589829236685364,
323591,-0.3232351536876237,
323624,-0.32041527131871966,
323626,-0.30760216717220773,
323665,-0.3061013447657214,
323724,-0.2758070513785633,
323945,-0.32857465622934867,
323964,-0.3253999311250267,
323980,-0.33907633956085453,
324010,-0.3202548597567189,
324033,-0.3242697204724969,
324146,-0.3069680943095146,
324215,-0.2708017868100557,
324292,-0.2778262021805068,
324394,-0.27514786562374854,
324400,-0.2691421573410953,
324411,-0.27346187493617596,
324534,-0.2583136511804286,
324558,-0.26137807418033954,
324626,-0.24072006442568644,
324662,-0.2534483768345388,
324870,-0.2618918151937369,
324957,-0.2586791743400508,
325011,-0.2504020191951898,
325025,-0.24431760311083953,
325040,-0.24239035828001299,
325133,-0.2495188286674172,
325145,-0.2569585701561491,
325271,-0.232985423703321,
325305,-0.23752998286238441,
325334,-0.22164909793923948,
325457,-0.2278499106961502,
325493,-0.21730142921429496,
325531,-0.22649030673364487,
325550,-0.21862280060469297,
325558,-0.2234620432699587,
325631,-0.2759224345497157,
325657,-0.2648507328677083,
325863,-0.29878598206017465,
325951,-0.3046497359003208,
326076,-0.3149987588719452,
326126,-0.28862463770496266,
326178,-0.29677248075373863,
326314,-0.3000112893007053,
326354,-0.2930817735365505,
326469,-0.2929260480288373,
326572,-0.3188430999792694,
326742,-0.3082398218506556,
326812,-0.27831406056374,
326841,-0.2720565733402336,
326893,-0.26321509784067443,
327016,-0.2555693758627493,
327018,-0.2562302441514348,
327135,-0.25994974131543325,
327143,-0.262174441627514,
327235,-0.2796128649504347,
327260,-0.2934339885320585,
327308,-0.28051605579872846,
327537,-0.2785329804755111,
327561,-0.27480684438839764,
327583,-0.2789436880178394,
327606,-0.2727878226831572,
327715,-0.3166798546661638,
327747,-0.3267329165334566,
327782,-0.3361143392444879,
327826,-0.3628392120387449,
327876,-0.3627864905911472,
327940,-0.35862564059027435,
328100,-0.2725358294614703,
328130,-0.26721315680163243,
328155,-0.24775970679072148,
328182,-0.23874576675339138,
328211,-0.23671434579645376,
328298,-0.2086655417996054,
328323,-0.20593156399550291,
328410,-0.20287393038028803,
328462,-0.23589264686612615,
328504,-0.26021947623141156,
328671,-0.3176672286694584,
328738,-0.2944852151693318,
328750,-0.289487774024253,
328765,-0.2957530993534242,
328810,-0.25807350712448107,
328839,-0.2534470934048635,
328864,-0.25581654372441315,
328880,-0.25568396380243963,
328924,-0.230606420654092,
328948,-0.22848546196084965,
329074,-0.2181859286583373,
329111,-0.2245076802867004,
329189,-0.23642337567622318,
329270,-0.2391936558900701,
329312,-0.23409336727156982,
329371,-0.22087243940546167,
329386,-0.2291156216992114,
329425,-0.23633055241489653,
329435,-0.2453263564874419,
329474,-0.2567059250499489,
329556,-0.25906835760203745,
329561,-0.26207128129211094,
329587,-0.2514178998509999,
329635,-0.23930176700123748,
329752,-0.22888595705249407,
329765,-0.2218823583792471,
329768,-0.2196470009455523,
329821,-0.22568041304540487,
329845,-0.2184260613902682,
329934,-0.2136902129288724,
330000,,-0.24351034908279404
330009,-0.22470493148208134,
330019,-0.22604440405172388,
330129,-0.24078079356830376,
330131,-0.2392239242385389,
330141,-0.24021775312326327,
330162,-0.24785103788804075,
330270,-0.2557193737969003,
330297,-0.2648550084302355,
330321,-0.2525649643013381,
330341,-0.26919978250501414,
330482,-0.23853070919038577,
330599,-0.2280115546905267,
330721,-0.20776428052198512,
330750,-0.21857987864743536,
330875,-0.21312604742205876,
330885,-0.2207105553546673,
330912,-0.2223626815810303,
330920,-0.22285677405208637,
330977,-0.24455617817078212,
331068,-0.25504330166711014,
331071,-0.2561549845720554,
331078,-0.2535684923228655,
331097,-0.2548799873821705,
331124,-0.25459886926028014,
331329,-0.2647432993144278,
331707,-0.28234891255961314,
331760,-0.27449746851266005,
331929,-0.27976272840447297,
332030,-0.2656493539681229,
332104,-0.2588913215324465,
332141,-0.24544043371914256,
332193,-0.26069629773511865,
332196,-0.25462771092930764,
332284,-0.2583225112599043,
332382,-0.2798576423816803,
332387,-0.2774590898615045,
332442,-0.2808989867764662,
332487,-0.2840571706387485,
332664,-0.3111696361069135,
332670,-0.3111918400384556,
332700,-0.3026354998213941,
332712,-0.30371629410412093,
332728,-0.31240870537114906,
332733,-0.3083634003282149,
332744,-0.3049446761174785,
332802,-0.28190437042970873,
333046,-0.2500748254613327,
333078,-0.2404633951426532,
333128,-0.25685113454542763,
333326,-0.24513352942367836,
333465,-0.2620959758667101,
333568,-0.22760542824243452,
333631,-0.2564025279536969,
333855,-0.29729343777399625,
333950,-0.3060961722422671,
334007,-0.30725987803098226,
334012,-0.308725784595714,
334235,-0.25124991458053947,
334237,-0.2537571402808231,
334253,-0.25407354903751667,
334258,-0.26017659687656525,
334285,-0.2529012036249432,
334298,-0.2596252112400115,
334655,-0.28320314471096103,
334799,-0.23873865371093017,
334826,-0.2310795096255239,
334861,-0.23709279697502186,
334951,-0.24085473977951732,
335057,-0.2211072638737451,
335083,-0.21948608100212685,
335119,-0.23772985444860648,
335174,-0.24778096173531325,
335384,-0.2623923055570934,
335399,-0.2573958152827671,
335434,-0.24733476859788983,
335575,-0.22913022800182492,
335625,-0.22863084408209464,
335680,-0.23807155206707498,
335682,-0.23283932308877447,
335783,-0.27551924017927903,
335800,-0.28324883696495984,
335847,-0.2964392829496858,
335881,-0.30296810962199605,
335979,-0.3186081645202537,
336015,-0.3159006053140325,
336114,-0.2920893871266431,
336157,-0.2840774524794631,
336314,-0.25406476874171174,
336470,-0.25139613483175044,
336507,-0.24489379820966245,
336513,-0.2409837986463938,
336569,-0.23712066484546723,
336702,-0.2685199991143886,
336707,-0.27287693791745365,
336840,-0.26698018022279923,
336848,-0.2677059878071725,
337022,-0.28790879869805325,
337207,-0.24086049726465744,
337214,-0.24024118661100072,
337362,-0.25730337571083584,
337376,-0.2475354504461501,
337448,-0.24744641722720587,
337507,-0.24215583857588163,
337531,-0.23370742327449634,
337617,-0.23262413205189833,
337700,-0.2359700830519398,
337896,-0.2539456933211925,
337906,-0.24911465790980641,
337979,-0.2545182023024847,
338031,-0.22670915940633918,
338037,-0.2280461373431264,
338067,-0.22273269238200327,
338172,-0.20986553211278255,
338206,-0.21281515832853704,
338266,-0.22199667779483864,
338642,-0.26961800244451245,
338651,-0.26878311798225135,
338813,-0.21747098458218928,
338820,-0.21714536800036138,
338925,-0.20293405274034515,
338930,-0.20778354008627312,
339085,-0.22136735627256912,
339088,-0.21873230897132978,
339162,-0.2375065271201257,
339256,-0.27649208747146387,
339263,-0.27573038771517394,
339472,-0.2868725506767953,
339542,-0.27881922486870125,
339551,-0.2869253714971455,
339572,-0.2812864307726983,
339577,-0.27966512067040195,
339612,-0.2849697378399221,
339707,-0.24129423500296565,
339778,-0.2384039507465293,
339820,-0.24476661134759758,
339833,-0.24450038845433583,
339929,-0.267205002519759,
339953,-0.2659748731145302,
340000,,-0.22409665890669103
340064,-0.27374449985538774,
340132,-0.2924132968021909,
340162,-0.2868844549812229,
340299,-0.2422599824252447,
340368,-0.2714610692034411,
340541,-0.28010015440901914,
340609,-0.26313678344239994,
340793,-0.21758190519766057,
340829,-0.22254820818739926,
340895,-0.21463596699409712,
341493,-0.22447892347074525,
341591,-0.265485727902092,
341594,-0.26272055698059155,
341780,-0.21994410278039978,
341812,-0.21669671365441495,
342039,-0.2458099890325797,
342063,-0.24379741256500945,
342143,-0.256187372006202,
342209,-0.2557774191988187,
342240,-0.24399569290893908,
342251,-0.2370721468605915,
342274,-0.2393566479376246,
342289,-0.24448519254876136,
342330,-0.2421942019278132,
342348,-0.2391222319122986,
342377,-0.24188372389403326,
342390,-0.23731329377973784,
342570,-0.2793490493300089,
342683,-0.292701002075031,
342799,-0.28604272955402144,
342880,-0.27581970706860676,
342949,-0.25680376924101345,
343100,-0.2531984012671407,
343186,-0.2521250791588638,
343195,-0.2576637174987298,
343294,-0.2739450650264397,
343427,-0.2936929442400541,
343544,-0.26620021057302445,
343609,-0.26914522055248746,
343640,-0.2698596378496167,
343697,-0.23999392474862355,
343707,-0.2436771977482318,
343768,-0.23856017825894252,
343795,-0.2687128828552507,
343823,-0.2679391571852705,
343838,-0.26318723502024777,
343843,-0.26974368380767105,
343850,-0.2600531150909991,
344075,-0.27317253424289406,
344113,-0.2633922187210293,
344204,-0.2444161673617239,
344247,-0.23741372882324419,
344257,-0.2433926494576616,
344336,-0.24576369248126098,
344500,-0.256010542284032,
344516,-0.2690685138230357,
344657,-0.29062940108854557,
344779,-0.2779290471993477,
344833,-0.2544691934466703,
344892,-0.25357330753113955,
344984,-0.24310055603214703,
345009,-0.24994511892316862,
345019,-0.2562506986997619,
345055,-0.26067657381133347,
345162,-0.2873934603064324,
345276,-0.2875482923814991,
345480,-0.2780070596409861,
345507,-0.2711254506222377,
345540,-0.2752112491291349,
345783,-0.3034542400942014,
345886,-0.29603695163106775,
345905,-0.29168741359041295,
345932,-0.2857792689864871,
346053,-0.29328340667330166,
346116,-0.28766100418522805,
346370,-0.30061980770522945,
346407,-0.27015693949880043,
346488,-0.28386057563894673,
346516,-0.30051314659770517,
346534,-0.3007721299058014,
346607,-0.2932225178836153,
346652,-0.2877896322898279,
346740,-0.2754672037182364,
346776,-0.2914046956844392,
346830,-0.2895284580050738,
346886,-0.2659331205886929,
346973,-0.22953842808405414,
346999,-0.22883831528083332,
347040,-0.2322671536160725,
347232,-0.2077641055829404,
347347,-0.23209995706099362,
347443,-0.25689234507471287,
347570,-0.2584883868924445,
347785,-0.23607141897656864,
347823,-0.23824726095495144,
347908,-0.2687480133385503,
347996,-0.28441109586425417,
348002,-0.2850858809470875,
348031,-0.295084581442582,
348094,-0.28987826598441174,
348106,-0.29751457140676235,
348134,-0.2845863526981225,
348166,-0.31037125633495855,
348175,-0.30909586178963744,
348186,-0.30034393106830004,
348245,-0.27096593672242847,
348252,-0.2614016540867498,
348271,-0.2536333543985934,
348344,-0.24144566188024794,
348425,-0.24690615469785368,
348589,-0.2693339241707974,
348605,-0.2790244585481765,
348633,-0.2636969228424001,
348651,-0.2653223367322292,
348668,-0.2643896655673852,
348729,-0.24117823452964415,
348810,-0.2262748451707157,
348826,-0.21438659974877872,
348888,-0.21863847382542825,
348943,-0.2208831134757963,
348957,-0.22424118148309485,
349064,-0.2561725302379793,
349074,-0.25919724368379443,
349097,-0.26899540616925016,
349126,-0.27134859023180113,
349127,-0.27021211252778515,
349313,-0.27049041547862607,
349379,-0.24892238385543172,
349429,-0.2720841587223662,
349441,-0.26939523449123365,
349575,-0.2468853374127443,
349617,-0.25739131557003875,
349794,-0.2364322934161842,
349871,-0.2618298213100398,
349970,-0.27474041896809714,
